1217,00090029,Àö¾ôÈñ
3,00000020,¥¨¥à¥ï¥¤¥¶¡¼      £Ã£Ö
4,00000100,Ç¢ÀÐËÉ»ßºÞSŽÀŽ²ŽÌŽß   £Ä£Ó£Ó£³-£×
5,00000101,Ç¢ÀÐËÉ»ßºÞSŽÀŽ²ŽÌŽß ¡¡£Ä£Ó£Ó£³-£Å£×
6,00000102,Ç¢ÀÐËÉ»ßºÞSŽÀŽ²ŽÌŽß¡¡ £Ä£Ó£Ó£³-£Å£Â
7,00000103,Ç¢ÀÐËÉ»ßºÞSŽÀŽ²ŽÌŽß   £Ä£Ó£Ó£³-£Å£Ç
2,00000010,¥¨¥à¥ï¥¤¥¶¡¼      £Ã£Á
8,00000110,Ç¢ÀÐËÉ»ßºÞSŽÀŽ²ŽÌŽß   £Ä£Ó£Ó£µ-£×
9,00000111,Ç¢ÀÐËÉ»ßºÞSŽÀŽ²ŽÌŽß   £Ä£Ó£Ó£µ-£Å£×
10,00000112,Ç¢ÀÐËÉ»ßºÞSŽÀŽ²ŽÌŽß   £Ä£Ó£Ó£µ-£Å£Â
11,00000113,Ç¢ÀÐËÉ»ßºÞSŽÀŽ²ŽÌŽß   £Ä£Ó£Ó£µ-£Å£Ç
12,00000120,Ç¢ÀÐËÉ»ßºÞSŽÀŽ²ŽÌŽß   £Ä£Ó£Ó£·-£×
13,00000121,Ç¢ÀÐËÉ»ßºÞSŽÀŽ²ŽÌŽß   £Ä£Ó£Ó£·-£Å£×
14,00000122,Ç¢ÀÐËÉ»ßºÞSŽÀŽ²ŽÌŽß   £Ä£Ó£Ó£·-£Å£Â
15,00000123,Ç¢ÀÐËÉ»ßºÞSŽÀŽ²ŽÌŽß   £Ä£Ó£Ó£·-£Å£Ç
16,00000130,Ç¢ÀÐËÉ»ßºÞSŽÀŽ²ŽÌŽß   £Ä£Ó£Ó£³-£Â
17,00000140,Ç¢ÀÐËÉ»ßºÞSŽÀŽ²ŽÌŽß   £Ä£Ó£Ó£µ-£Â
18,00000150,Ç¢ÀÐËÉ»ßºÞSŽÀŽ²ŽÌŽß   £Ä£Ó£Ó£·-£Â
19,00000160,Ç¢ÀÐËÉ»ßºÞSŽÀŽ²ŽÌŽß   £Ä£Ó£Ó£³-£Ð
20,00000170,Ç¢ÀÐËÉ»ßºÞSŽÀŽ²ŽÌŽß   £Ä£Ó£Ó£µ-£Ð
21,00000180,Ç¢ÀÐËÉ»ßºÞSŽÀŽ²ŽÌŽß   £Ä£Ó£Ó£·-£Ð
22,00000190,Ç¢ÀÐËÉ»ßºÞSŽÀŽ²ŽÌŽß   £Ä£Ó£Ó£³-£É
23,00000200,Ç¢ÀÐËÉ»ßºÞSŽÀŽ²ŽÌŽß   £Ä£Ó£Ó£µ-£É
24,00000210,Ç¢ÀÐËÉ»ßºÞSŽÀŽ²ŽÌŽß   £Ä£Ó£Ó£·-£É
25,00000220,Ç¢ÀÐËÉ»ßºÞSŽÀŽ²ŽÌŽß   £Ä£Ó£Ó£³-¹õ
26,00000230,Ç¢ÀÐËÉ»ßºÞSŽÀŽ²ŽÌŽß   £Ä£Ó£Ó£µ-¹õ
27,00000240,Ç¢ÀÐËÉ»ßºÞSŽÀŽ²ŽÌŽß   £Ä£Ó£Ó£·-¹õ
28,00000260,Ç¢ÀÐËÉ»ßºÞSŽÀŽ²ŽÌŽß ¡¡£Ä£Ó£Ó£³-£Ã
29,00000280,Ç¢ÀÐËÉ»ßºÞSŽÀŽ²ŽÌŽß¡¡ £Ä£Ó£Ó£µ-£Ã
30,00000300,Ç¢ÀÐËÉ»ßºÞSŽÀŽ²ŽÌŽß ¡¡£Ä£Ó£Ó£·-£Ã
31,00000500,Ç¢ÀÐËÉ»ßºÞSŽÀŽ²ŽÌŽßV  £Ä£Ö£Ó£³-£×
32,00000501,Ç¢ÀÐËÉ»ßºÞSŽÀŽ²ŽÌŽßV  £Ä£Ö£Ó£³-£Å£×
33,00000502,Ç¢ÀÐËÉ»ßºÞSŽÀŽ²ŽÌŽßV  £Ä£Ö£Ó£³-£Å£Â
34,00000503,Ç¢ÀÐËÉ»ßºÞSŽÀŽ²ŽÌŽßV  £Ä£Ö£Ó£³-£Å£Ç
35,00000510,Ç¢ÀÐËÉ»ßºÞSŽÀŽ²ŽÌŽßV  £Ä£Ö£Ó£µ-£×
36,00000511,Ç¢ÀÐËÉ»ßºÞSŽÀŽ²ŽÌŽßV  £Ä£Ö£Ó£µ-£Å£×
37,00000512,Ç¢ÀÐËÉ»ßºÞSŽÀŽ²ŽÌŽßV  £Ä£Ö£Ó£µ-£Å£Â
38,00000513,Ç¢ÀÐËÉ»ßºÞSŽÀŽ²ŽÌŽßV  £Ä£Ö£Ó£µ-£Å£Ç
39,00000520,Ç¢ÀÐËÉ»ßºÞSŽÀŽ²ŽÌŽßV  £Ä£Ö£Ó£·-£×
40,00000521,Ç¢ÀÐËÉ»ßºÞSŽÀŽ²ŽÌŽßV  £Ä£Ö£Ó£·-£Å£×
41,00000522,Ç¢ÀÐËÉ»ßºÞSŽÀŽ²ŽÌŽßV  £Ä£Ö£Ó£·-£Å£Â
42,00000523,Ç¢ÀÐËÉ»ßºÞSŽÀŽ²ŽÌŽßV  £Ä£Ö£Ó£·-£Å£Ç
43,00000530,Ç¢ÀÐËÉ»ßºÞSŽÀŽ²ŽÌŽßV  £Ä£Ö£Ó£³-£Â
44,00000540,Ç¢ÀÐËÉ»ßºÞSŽÀŽ²ŽÌŽßV  £Ä£Ö£Ó£µ-£Â
45,00000550,Ç¢ÀÐËÉ»ßºÞSŽÀŽ²ŽÌŽßV  £Ä£Ö£Ó£·-£Â
46,00000560,Ç¢ÀÐËÉ»ßºÞSŽÀŽ²ŽÌŽßV  £Ä£Ö£Ó£³-£Ð
47,00000570,Ç¢ÀÐËÉ»ßºÞSŽÀŽ²ŽÌŽßV  £Ä£Ö£Ó£µ-£Ð
48,00000580,Ç¢ÀÐËÉ»ßºÞSŽÀŽ²ŽÌŽßV  £Ä£Ö£Ó£·-£Ð
49,00000590,Ç¢ÀÐËÉ»ßºÞSŽÀŽ²ŽÌŽßV  £Ä£Ö£Ó£³-£É
50,00000600,Ç¢ÀÐËÉ»ßºÞSŽÀŽ²ŽÌŽßV  £Ä£Ö£Ó£µ-£É
51,00000610,Ç¢ÀÐËÉ»ßºÞSŽÀŽ²ŽÌŽßV  £Ä£Ö£Ó£·-£É
52,00000620,Ç¢ÀÐËÉ»ßºÞSŽÀŽ²ŽÌŽßV  £Ä£Ö£Ó£³-¹õ
53,00000630,Ç¢ÀÐËÉ»ßºÞSŽÀŽ²ŽÌŽßV  £Ä£Ö£Ó£µ-¹õ
54,00000640,Ç¢ÀÐËÉ»ßºÞSŽÀŽ²ŽÌŽßV  £Ä£Ö£Ó£·-¹õ
55,00000650,Ç¢ÀÐËÉ»ßºÞSŽÀŽ²ŽÌŽßV  £Ä£Ö£Ó£³-£Ã
56,00000660,Ç¢ÀÐËÉ»ßºÞSŽÀŽ²ŽÌŽßV  £Ä£Ö£Ó£µ-£Ã
57,00000670,Ç¢ÀÐËÉ»ßºÞSŽÀŽ²ŽÌŽßV  £Ä£Ö£Ó£·-£Ã
58,00000680,Ç¢ÀÐËÉ»ßºÞSŽÀŽ²ŽÌŽßV¡¡£Ä£Ö£Ó£¸-£×
59,00000681,Ç¢ÀÐËÉ»ßºÞSŽÀŽ²ŽÌŽßV  £Ä£Ö£Ó£¸-£Å£×
60,00000682,Ç¢ÀÐËÉ»ßºÞSŽÀŽ²ŽÌŽßV  £Ä£Ö£Ó£¸-£Å£Â
61,00000683,Ç¢ÀÐËÉ»ßºÞSŽÀŽ²ŽÌŽßV  £Ä£Ö£Ó£¸-£Å£Ç
62,00000690,Ç¢ÀÐËÉ»ßºÞSŽÀŽ²ŽÌŽßV¡¡£Ä£Ö£Ó£¹-£×
63,00000691,Ç¢ÀÐËÉ»ßºÞSŽÀŽ²ŽÌŽßV  £Ä£Ö£Ó£¹-£Å£×
64,00000692,Ç¢ÀÐËÉ»ßºÞSŽÀŽ²ŽÌŽßV  £Ä£Ö£Ó£¹-£Å£Â
65,00000693,Ç¢ÀÐËÉ»ßºÞSŽÀŽ²ŽÌŽßV¡¡£Ä£Ö£Ó£¹-£Å£Ç
66,00000700,Ç¢ÀÐËÉ»ßºÞFŽÀŽ²ŽÌŽßV¡¡£Ä£Ö£Æ£³-£×
67,00000701,Ç¢ÀÐËÉ»ßºÞFŽÀŽ²ŽÌŽßV¡¡£Ä£Ö£Æ£³-£Å£×
68,00000702,Ç¢ÀÐËÉ»ßºÞFŽÀŽ²ŽÌŽßV¡¡£Ä£Ö£Æ£³-£Å£Â
69,00000703,Ç¢ÀÐËÉ»ßºÞFŽÀŽ²ŽÌŽßV¡¡£Ä£Ö£Æ£³-£Å£Ç
70,00000710,Ç¢ÀÐËÉ»ßºÞFŽÀŽ²ŽÌŽßV  £Ä£Ö£Æ£µ-£×
71,00000711,Ç¢ÀÐËÉ»ßºÞFŽÀŽ²ŽÌŽßV¡¡£Ä£Ö£Æ£µ-£Å£×
72,00000712,Ç¢ÀÐËÉ»ßºÞFŽÀŽ²ŽÌŽßV¡¡£Ä£Ö£Æ£µ-£Å£Â
73,00000713,Ç¢ÀÐËÉ»ßºÞFŽÀŽ²ŽÌŽßV¡¡£Ä£Ö£Æ£µ-£Å£Ç
74,00000720,Ç¢ÀÐËÉ»ßºÞFŽÀŽ²ŽÌŽßV  £Ä£Ö£Æ£·-£×
75,00000721,Ç¢ÀÐËÉ»ßºÞFŽÀŽ²ŽÌŽßV¡¡£Ä£Ö£Æ£·-£Å£×
76,00000722,Ç¢ÀÐËÉ»ßºÞFŽÀŽ²ŽÌŽßV¡¡£Ä£Ö£Æ£·-£Å£Â
77,00000723,Ç¢ÀÐËÉ»ßºÞFŽÀŽ²ŽÌŽßV¡¡£Ä£Ö£Æ£·-£Å£Ç
78,00000730,Ç¢ÀÐËÉ»ßºÞFŽÀŽ²ŽÌŽßV  £Ä£Ö£Æ£³-£Â
79,00000740,Ç¢ÀÐËÉ»ßºÞFŽÀŽ²ŽÌŽßV¡¡£Ä£Ö£Æ£µ-£Â
80,00000750,Ç¢ÀÐËÉ»ßºÞFŽÀŽ²ŽÌŽßV¡¡£Ä£Ö£Æ£·-£Â
81,00000760,Ç¢ÀÐËÉ»ßºÞFŽÀŽ²ŽÌŽßV¡¡£Ä£Ö£Æ£³-£Ð
82,00000770,Ç¢ÀÐËÉ»ßºÞFŽÀŽ²ŽÌŽßV¡¡£Ä£Ö£Æ£µ-£Ð
83,00000780,Ç¢ÀÐËÉ»ßºÞFŽÀŽ²ŽÌŽßV¡¡£Ä£Ö£Æ£·-£Ð
84,00000790,Ç¢ÀÐËÉ»ßºÞFŽÀŽ²ŽÌŽßV  £Ä£Ö£Æ£³-£É
85,00000800,Ç¢ÀÐËÉ»ßºÞFŽÀŽ²ŽÌŽßV¡¡£Ä£Ö£Æ£µ-£É
86,00000810,Ç¢ÀÐËÉ»ßºÞFŽÀŽ²ŽÌŽßV¡¡£Ä£Ö£Æ£·-£É
87,00000820,Ç¢ÀÐËÉ»ßºÞFŽÀŽ²ŽÌŽßV¡¡£Ä£Ö£Æ£³-£Ã
88,00000830,Ç¢ÀÐËÉ»ßºÞFŽÀŽ²ŽÌŽßV¡¡£Ä£Ö£Æ£µ-£Ã
89,00000840,Ç¢ÀÐËÉ»ßºÞFŽÀŽ²ŽÌŽßV¡¡£Ä£Ö£Æ£·-£Ã
90,00000850,Ç¢ÀÐËÉ»ßºÞFŽÀŽ²ŽÌŽßV  £Ä£Ö£Æ£¸-£Ã
91,00000860,Ç¢ÀÐËÉ»ßºÞFŽÀŽ²ŽÌŽßV  £Ä£Ö£Æ£¸-£×
92,00000861,Ç¢ÀÐËÉ»ßºÞFŽÀŽ²ŽÌŽßV¡¡£Ä£Ö£Æ£¸-£Å£×
93,00000862,Ç¢ÀÐËÉ»ßºÞFŽÀŽ²ŽÌŽßV¡¡£Ä£Ö£Æ£¸-£Å£Â
94,00000863,Ç¢ÀÐËÉ»ßºÞFŽÀŽ²ŽÌŽßV¡¡£Ä£Ö£Æ£¸-£Å£Ç
95,00000870,Ç¢ÀÐËÉ»ßºÞFŽÀŽ²ŽÌŽßV¡¡£Ä£Ö£Æ£¹-£Ã
96,00000880,Ç¢ÀÐËÉ»ßºÞFŽÀŽ²ŽÌŽßV  £Ä£Ö£Æ£¹-£×
97,00000881,Ç¢ÀÐËÉ»ßºÞFŽÀŽ²ŽÌŽßV¡¡£Ä£Ö£Æ£¹-£Å£×
98,00000882,Ç¢ÀÐËÉ»ßºÞFŽÀŽ²ŽÌŽßV¡¡£Ä£Ö£Æ£¹-£Å£Â
99,00000883,Ç¢ÀÐËÉ»ßºÞFŽÀŽ²ŽÌŽßV¡¡£Ä£Ö£Æ£¹-£Å£Ç
100,00001000,Ç¢ÀÐËÉ»ßºÞUŽÀŽ²ŽÌŽß¡¡ £Ä£Ó£Õ£³-£×
101,00001001,Ç¢ÀÐËÉ»ßºÞUŽÀŽ²ŽÌŽß   £Ä£Ó£Õ£³-£Å£×
102,00001002,Ç¢ÀÐËÉ»ßºÞUŽÀŽ²ŽÌŽß   £Ä£Ó£Õ£³-£Å£Â
103,00001003,Ç¢ÀÐËÉ»ßºÞUŽÀŽ²ŽÌŽß¡¡ £Ä£Ó£Õ£³-£Å£Ç
104,00001010,Ç¢ÀÐËÉ»ßºÞUŽÀŽ²ŽÌŽß¡¡ £Ä£Ó£Õ£µ-£×
105,00001011,Ç¢ÀÐËÉ»ßºÞUŽÀŽ²ŽÌŽß   £Ä£Ó£Õ£µ-£Å£×
106,00001012,Ç¢ÀÐËÉ»ßºÞUŽÀŽ²ŽÌŽß   £Ä£Ó£Õ£µ-£Å£Â
107,00001013,Ç¢ÀÐËÉ»ßºÞUŽÀŽ²ŽÌŽß   £Ä£Ó£Õ£µ-£Å£Ç
108,00001020,Ç¢ÀÐËÉ»ßºÞUŽÀŽ²ŽÌŽß   £Ä£Ó£Õ£·-£×
109,00001021,Ç¢ÀÐËÉ»ßºÞUŽÀŽ²ŽÌŽß   £Ä£Ó£Õ£·-£Å£×
110,00001022,Ç¢ÀÐËÉ»ßºÞUŽÀŽ²ŽÌŽß   £Ä£Ó£Õ£·-£Å£Â
111,00001023,Ç¢ÀÐËÉ»ßºÞUŽÀŽ²ŽÌŽß   £Ä£Ó£Õ£·-£Å£Ç
112,00001030,Ç¢ÀÐËÉ»ßºÞUŽÀŽ²ŽÌŽß   £Ä£Ó£Õ£³-£Â
113,00001040,Ç¢ÀÐËÉ»ßºÞUŽÀŽ²ŽÌŽß   £Ä£Ó£Õ£µ-£Â
114,00001050,Ç¢ÀÐËÉ»ßºÞUŽÀŽ²ŽÌŽß   £Ä£Ó£Õ£·-£Â
115,00001060,Ç¢ÀÐËÉ»ßºÞUŽÀŽ²ŽÌŽß   £Ä£Ó£Õ£³-£Ð
116,00001070,Ç¢ÀÐËÉ»ßºÞUŽÀŽ²ŽÌŽß   £Ä£Ó£Õ£µ-£Ð
117,00001080,Ç¢ÀÐËÉ»ßºÞUŽÀŽ²ŽÌŽß   £Ä£Ó£Õ£·-£Ð
118,00001090,Ç¢ÀÐËÉ»ßºÞUŽÀŽ²ŽÌŽß   £Ä£Ó£Õ£³-£É
119,00001100,Ç¢ÀÐËÉ»ßºÞUŽÀŽ²ŽÌŽß   £Ä£Ó£Õ£µ-£É
120,00001110,Ç¢ÀÐËÉ»ßºÞUŽÀŽ²ŽÌŽß   £Ä£Ó£Õ£·-£É
121,00001130,Ç¢ÀÐËÉ»ßºÞUŽÀŽ²ŽÌŽß ¡¡£Ä£Ó£Õ£³-£Ã
122,00001150,Ç¢ÀÐËÉ»ßºÞUŽÀŽ²ŽÌŽß¡¡ £Ä£Ó£Õ£µ-£Ã
123,00001170,Ç¢ÀÐËÉ»ßºÞUŽÀŽ²ŽÌŽß¡¡ £Ä£Ó£Õ£·-£Ã
124,00001500,Ç¢ÀÐËÉ»ßºÞUŽÀŽ²ŽÌŽßV  £Ä£Ö£Õ£³-£×
125,00001501,Ç¢ÀÐËÉ»ßºÞUŽÀŽ²ŽÌŽßV  £Ä£Ö£Õ£³-£Å£×
126,00001502,Ç¢ÀÐËÉ»ßºÞUŽÀŽ²ŽÌŽßV  £Ä£Ö£Õ£³-£Å£Â
127,00001503,Ç¢ÀÐËÉ»ßºÞUŽÀŽ²ŽÌŽßV  £Ä£Ö£Õ£³-£Å£Ç
128,00001510,Ç¢ÀÐËÉ»ßºÞUŽÀŽ²ŽÌŽßV  £Ä£Ö£Õ£µ-£×
129,00001511,Ç¢ÀÐËÉ»ßºÞUŽÀŽ²ŽÌŽßV  £Ä£Ö£Õ£µ-£Å£×
130,00001512,Ç¢ÀÐËÉ»ßºÞUŽÀŽ²ŽÌŽßV  £Ä£Ö£Õ£µ-£Å£Â
131,00001513,Ç¢ÀÐËÉ»ßºÞUŽÀŽ²ŽÌŽßV  £Ä£Ö£Õ£µ-£Å£Ç
132,00001520,Ç¢ÀÐËÉ»ßºÞUŽÀŽ²ŽÌŽßV  £Ä£Ö£Õ£·-£×
133,00001521,Ç¢ÀÐËÉ»ßºÞUŽÀŽ²ŽÌŽßV  £Ä£Ö£Õ£·-£Å£×
134,00001522,Ç¢ÀÐËÉ»ßºÞUŽÀŽ²ŽÌŽßV  £Ä£Ö£Õ£·-£Å£Â
135,00001523,Ç¢ÀÐËÉ»ßºÞUŽÀŽ²ŽÌŽßV  £Ä£Ö£Õ£·-£Å£Ç
136,00001530,Ç¢ÀÐËÉ»ßºÞUŽÀŽ²ŽÌŽßV  £Ä£Ö£Õ£³-£Â
137,00001540,Ç¢ÀÐËÉ»ßºÞUŽÀŽ²ŽÌŽßV  £Ä£Ö£Õ£µ-£Â
138,00001550,Ç¢ÀÐËÉ»ßºÞUŽÀŽ²ŽÌŽßV  £Ä£Ö£Õ£·-£Â
139,00001560,Ç¢ÀÐËÉ»ßºÞUŽÀŽ²ŽÌŽßV  £Ä£Ö£Õ£³-£Ð
140,00001570,Ç¢ÀÐËÉ»ßºÞUŽÀŽ²ŽÌŽßV  £Ä£Ö£Õ£µ-£Ð
141,00001580,Ç¢ÀÐËÉ»ßºÞUŽÀŽ²ŽÌŽßV  £Ä£Ö£Õ£·-£Ð
142,00001590,Ç¢ÀÐËÉ»ßºÞUŽÀŽ²ŽÌŽßV  £Ä£Ö£Õ£³-£É
143,00001600,Ç¢ÀÐËÉ»ßºÞUŽÀŽ²ŽÌŽßV  £Ä£Ö£Õ£µ-£É
144,00001610,Ç¢ÀÐËÉ»ßºÞUŽÀŽ²ŽÌŽßV  £Ä£Ö£Õ£·-£É
145,00001620,Ç¢ÀÐËÉ»ßºÞUŽÀŽ²ŽÌŽßV  £Ä£Ö£Õ£³-£Ã
146,00001630,Ç¢ÀÐËÉ»ßºÞUŽÀŽ²ŽÌŽßV  £Ä£Ö£Õ£µ-£Ã
147,00001640,Ç¢ÀÐËÉ»ßºÞUŽÀŽ²ŽÌŽßV  £Ä£Ö£Õ£·-£Ã
148,00001650,Ç¢ÀÐËÉ»ßºÞUŽÀŽ²ŽÌŽßV  £Ä£Ö£Õ£¸-£×
149,00001651,Ç¢ÀÐËÉ»ßºÞUŽÀŽ²ŽÌŽßV  £Ä£Ö£Õ£¸-£Å£×
150,00001652,Ç¢ÀÐËÉ»ßºÞUŽÀŽ²ŽÌŽßV  £Ä£Ö£Õ£¸-£Å£Â
151,00001653,Ç¢ÀÐËÉ»ßºÞUŽÀŽ²ŽÌŽßV  £Ä£Ö£Õ£¸-£Å£Ç
152,00001660,Ç¢ÀÐËÉ»ßºÞUŽÀŽ²ŽÌŽßV  £Ä£Ö£Õ£¸-£Ã
153,00001670,Ç¢ÀÐËÉ»ßºÞUŽÀŽ²ŽÌŽßV¡¡£Ä£Ö£Õ£¸-£É
154,00002000,¥¹¥¯¡¼¥ë¥À¥ê¥¢    £Ä£Ó£Õ£µ-£Ó
155,00002001,¥¹¥¯¡¼¥ë¥À¥ê¥¢¡¡¡¡£Ä£Ó£Õ£µ-£Å£Ó
156,00002010,¥¹¥¯¡¼¥ë¥À¥ê¥¢    £Ä£Ö£Õ£µ-£Ó
157,00002011,¥¹¥¯¡¼¥ë¥À¥ê¥¢    £Ä£Ö£Õ£µ-£Å£Ó
158,00002020,¥¹¥¯¡¼¥ë¥À¥ê¥¢    £Ä£Ö£Õ£·-£Ó
159,00002021,¥¹¥¯¡¼¥ë¥À¥ê¥¢  ¡¡£Ä£Ö£Õ£·-£Å£Ó
160,00002030,¥¹¥¯¡¼¥ë¥À¥ê¥¢¡¡¡¡£Ä£Ö£Æ£µ-£Ó
161,00002031,¥¹¥¯¡¼¥ë¥À¥ê¥¢¡¡¡¡£Ä£Ö£Æ£µ-£Å£Ó
162,00002040,¥¹¥¯¡¼¥ë¥À¥ê¥¢¡¡¡¡£Ä£Ö£Æ£·-£Ó
163,00003000,Ç¢ÀÐËÉ»ßºÞ­µŽÀŽ²ŽÌŽß  £Ó£Ó£É£³-£×
164,00003001,Ç¢ÀÐËÉ»ßºÞ­µŽÀŽ²ŽÌŽß  £Ó£Ó­µ£³-£Å£×
165,00003002,Ç¢ÀÐËÉ»ßºÞ­µŽÀŽ²ŽÌŽß  £Ó£Ó­µ£³-£Å£Â
166,00003003,Ç¢ÀÐËÉ»ßºÞ­µŽÀŽ²ŽÌŽß  £Ó£Ó­µ£³-£Å£Ç
167,00003010,Ç¢ÀÐËÉ»ßºÞ­µŽÀŽ²ŽÌŽß  £Ó£Ó£É£µ-£×
168,00003011,Ç¢ÀÐËÉ»ßºÞ­µŽÀŽ²ŽÌŽß  £Ó£Ó­µ£µ-£Å£×
169,00003012,Ç¢ÀÐËÉ»ßºÞ­µŽÀŽ²ŽÌŽß  £Ó£Ó­µ£µ-£Å£Â
170,00003013,Ç¢ÀÐËÉ»ßºÞ­µŽÀŽ²ŽÌŽß  £Ó£Ó­µ£µ-£Å£Ç
171,00003020,Ç¢ÀÐËÉ»ßºÞ­µŽÀŽ²ŽÌŽß  £Ó£Ó£É£·-£×
172,00003021,Ç¢ÀÐËÉ»ßºÞ­µŽÀŽ²ŽÌŽß  £Ó£Ó­µ£·-£Å£×
173,00003022,Ç¢ÀÐËÉ»ßºÞ­µŽÀŽ²ŽÌŽß  £Ó£Ó­µ£·-£Å£Â
174,00003023,Ç¢ÀÐËÉ»ßºÞ­µŽÀŽ²ŽÌŽß  £Ó£Ó­µ£·-£Å£Ç
175,00003030,Ç¢ÀÐËÉ»ßºÞ­µŽÀŽ²ŽÌŽß  £Ó£Ó£É£³-£Â
176,00003040,Ç¢ÀÐËÉ»ßºÞ­µŽÀŽ²ŽÌŽß  £Ó£Ó­µ£µ-£Â
177,00003050,Ç¢ÀÐËÉ»ßºÞ­µŽÀŽ²ŽÌŽß  £Ó£Ó£É£·-£Â
178,00003060,Ç¢ÀÐËÉ»ßºÞ­µŽÀŽ²ŽÌŽß  £Ó£Ó£É£³-£Ð
179,00003070,Ç¢ÀÐËÉ»ßºÞ­µŽÀŽ²ŽÌŽß  £Ó£Ó£É£µ-£Ð
180,00003080,Ç¢ÀÐËÉ»ßºÞ­µŽÀŽ²ŽÌŽß  £Ó£Ó£É£·-£Ð
181,00003090,Ç¢ÀÐËÉ»ßºÞ­µŽÀŽ²ŽÌŽß  £Ó£Ó£É£³-£É
182,00003100,Ç¢ÀÐËÉ»ßºÞ­µŽÀŽ²ŽÌŽß  £Ó£Ó£É£µ-£É
183,00003110,Ç¢ÀÐËÉ»ßºÞ­µŽÀŽ²ŽÌŽß  £Ó£Ó£É£·-£É
184,00003130,Ç¢ÀÐËÉ»ßºÞ­µŽÀŽ²ŽÌŽß¡¡£Ó£Ó­µ£³Ž°£Ã
185,00003150,Ç¢ÀÐËÉ»ßºÞ­µŽÀŽ²ŽÌŽß¡¡£Ó£Ó­µ£µ-£Ã
186,00003170,Ç¢ÀÐËÉ»ßºÞ­µŽÀŽ²ŽÌŽß¡¡£Ó£Ó­µ£·-£Ã
187,00003510,Ç¢ÀÐËÉ»ßºÞ­µŽÀŽ²ŽÌŽßV £Ó£Ö£É£µ-£×
188,00003511,Ç¢ÀÐËÉ»ßºÞ­µŽÀŽ²ŽÌŽßV £Ó£Ö­µ£µ-£Å£×
189,00003512,Ç¢ÀÐËÉ»ßºÞ­µŽÀŽ²ŽÌŽßV £Ó£Ö­µ£µ-£Å£Â
190,00003513,Ç¢ÀÐËÉ»ßºÞ­µŽÀŽ²ŽÌŽßV £Ó£Ö­µ£µ-£Å£Ç
191,00003540,Ç¢ÀÐËÉ»ßºÞ­µŽÀŽ²ŽÌŽßV £Ó£Ö£É£µ-£Â
192,00003570,Ç¢ÀÐËÉ»ßºÞ­µŽÀŽ²ŽÌŽßV £Ó£Ö£É£µ-£Ð
193,00003600,Ç¢ÀÐËÉ»ßºÞ­µŽÀŽ²ŽÌŽßV £Ó£Ö£É£µ-£É
194,00003630,Ç¢ÀÐËÉ»ßºÞ­µŽÀŽ²ŽÌŽßV £Ó£Ö£É£µ-£Ã
195,00004000,Ç¢ÀÐËÉ»ßºÞ­¶ŽÀŽ²ŽÌŽß  £Ó£Ó­¶£³-£×
196,00004010,Ç¢ÀÐËÉ»ßºÞ­¶ŽÀŽ²ŽÌŽß  £Ó£Ó­¶£µ-£×
197,00004020,Ç¢ÀÐËÉ»ßºÞ­¶ŽÀŽ²ŽÌŽß  £Ó£Ó­¶£·-£×
198,00004030,Ç¢ÀÐËÉ»ßºÞ­¶ŽÀŽ²ŽÌŽß  £Ó£Ó­¶£³-£Â
199,00004040,Ç¢ÀÐËÉ»ßºÞ­¶ŽÀŽ²ŽÌŽß  £Ó£Ó­¶£µ-£Â
200,00004050,Ç¢ÀÐËÉ»ßºÞ­¶ŽÀŽ²ŽÌŽß  £Ó£Ó­¶£·-£Â
201,00004060,Ç¢ÀÐËÉ»ßºÞ­¶ŽÀŽ²ŽÌŽß  £Ó£Ó­¶£³-£Ð
202,00004070,Ç¢ÀÐËÉ»ßºÞ­¶ŽÀŽ²ŽÌŽß  £Ó£Ó­¶£µ-£Ð
203,00004080,Ç¢ÀÐËÉ»ßºÞ­¶ŽÀŽ²ŽÌŽß  £Ó£Ó­¶£·-£Ð
204,00004090,Ç¢ÀÐËÉ»ßºÞ­¶ŽÀŽ²ŽÌŽß  £Ó£Ó­¶£³-£É
205,00004100,Ç¢ÀÐËÉ»ßºÞ­¶ŽÀŽ²ŽÌŽß  £Ó£Ó­¶£µ-£É
206,00004110,Ç¢ÀÐËÉ»ßºÞ­¶ŽÀŽ²ŽÌŽß  £Ó£Ó­¶£·-£É
207,00004130,Ç¢ÀÐËÉ»ßºÞ­¶ŽÀŽ²ŽÌŽß¡¡£Ó£Ó­¶£³-£Ã
208,00004150,Ç¢ÀÐËÉ»ßºÞ­¶ŽÀŽ²ŽÌŽß¡¡£Ó£Ó­¶£µ-£Ã
209,00004170,Ç¢ÀÐËÉ»ßºÞ­¶ŽÀŽ²ŽÌŽß¡¡£Ó£Ó­¶£·-£Ã
210,00004500,Ç¢ÀÐËÉ»ßºÞ­¶ŽÀŽ²ŽÌŽßV £Ó£Ö­¶£³-£×
211,00004510,Ç¢ÀÐËÉ»ßºÞ­¶ŽÀŽ²ŽÌŽßV £Ó£Ö­¶£µ-£×
212,00004520,Ç¢ÀÐËÉ»ßºÞ­¶ŽÀŽ²ŽÌŽßV £Ó£Ö­¶£·-£×
213,00004530,Ç¢ÀÐËÉ»ßºÞ­¶ŽÀŽ²ŽÌŽßV £Ó£Ö­¶£³-£Â
214,00004540,Ç¢ÀÐËÉ»ßºÞ­¶ŽÀŽ²ŽÌŽßV £Ó£Ö­¶£µ-£Â
215,00004550,Ç¢ÀÐËÉ»ßºÞ­¶ŽÀŽ²ŽÌŽßV £Ó£Ö­¶£·-£Â
216,00004560,Ç¢ÀÐËÉ»ßºÞ­¶ŽÀŽ²ŽÌŽßV £Ó£Ö­¶£³-£Ð
217,00004570,Ç¢ÀÐËÉ»ßºÞ­¶ŽÀŽ²ŽÌŽßV £Ó£Ö­¶£µ-£Ð
218,00004580,Ç¢ÀÐËÉ»ßºÞ­¶ŽÀŽ²ŽÌŽßV £Ó£Ö­¶£·-£Ð
219,00004590,Ç¢ÀÐËÉ»ßºÞ­¶ŽÀŽ²ŽÌŽßV £Ó£Ö­¶£³-£É
220,00004600,Ç¢ÀÐËÉ»ßºÞ­¶ŽÀŽ²ŽÌŽßV £Ó£Ö­¶£µ-£É
221,00004610,Ç¢ÀÐËÉ»ßºÞ­¶ŽÀŽ²ŽÌŽßV £Ó£Ö­¶£·-£É
222,00004620,Ç¢ÀÐËÉ»ßºÞ­¶ŽÀŽ²ŽÌŽßV £Ó£Ö­¶£µ-£Ã
223,00005000,Ž½Ž¸Ž°ŽÙŽ¿ŽÚŽ²ŽÕIŽÀŽ²ŽÌŽß     £Ó£Ó£É£µ-£Ó
224,00005010,Ž½Ž¸Ž°ŽÙŽ¿ŽÚŽ²ŽÕIŽÀŽ²ŽÌŽßV    £Ó£Ö£É£µ-£Ó
225,00005011,Ž½Ž¸Ž°ŽÙŽ¿ŽÚŽ²ŽÕIŽÀŽ²ŽÌŽßV¡¡¡¡£Ó£Ö£É£µ¡Ý£Å£Ó
226,00005500,Ž½Ž¸Ž°ŽÙŽ¿ŽÚŽ²ŽÕ­¶ŽÀŽ²ŽÌŽß    £Ó£Ó­¶£µ-£Ó
227,00005510,Ž½Ž¸Ž°ŽÙŽ¿ŽÚŽ²ŽÕ­¶ŽÀŽ²ŽÌŽßV   £Ó£Ö­¶£µ-£Ó
228,00006000,¥Ô¥Ô¥»¥ó¥µÀ½ºÞ       £Ø¡Ý£Ö
229,00006500,ŽÄŽ¯ŽÌŽßT-SŽÎŽÜŽ²ŽÄ       £Ô£Ô£É¡Ý£Ó£±
230,00006501,ŽÄŽ¯ŽÌŽßT-SŽ±Ž²ŽÎŽÞŽØŽ°     £Ô£Ô£É¡Ý£Ó£²
231,00006502,ŽÄŽ¯ŽÌŽßT-PŽËŽßŽÝŽ¸       £Ô£Ô­µ¡Ý£Ð£´
232,00006503,ŽÄŽ¯ŽÌŽßT-PŽ±Ž²ŽÎŽÞŽØŽ°     £Ô£Ô­µ¡Ý£Ð£²
233,00006504,ŽÄŽ¯ŽÌŽßT-PŽ²Ž´ŽÛŽ°       £Ô£Ô­µ¡¼£Ð£¶
234,00006505,ŽÄŽ¯ŽÌŽßT-ŽÌŽÞŽÙŽ°        £Ô£Ô£É¡Ý£Ð£³
235,00006506,ŽÄŽ¯ŽÌŽßT-HŽÌŽÞŽ×Ž³ŽÝ      £Ô£Ô£É¡Ý£È£·
236,00006507,ŽÄŽ¯ŽÌŽßT-HŽÍŽÞŽ°Ž¼ŽÞŽ­     £Ô£Ô£É¡Ý£È£¸
237,00006508,ŽÄŽ¯ŽÌŽßT-HŽ¸ŽÞŽØŽ°ŽÝ      £Ô£Ô£É¡Ý£È£¹
238,00006509,ŽÄŽ¯ŽÌŽßT-HŽÌŽÞŽÙŽ°       £Ô£Ô­µ¡¼£È£³
239,00006510,ŽÄŽ¯ŽÌŽßT-ŽÃŽÝŽÄŽ³Ãî      £Ô£Ô£É¡Ý£Ó£±£Â
240,00006511,ŽÄŽ¯ŽÌŽßT-µû          £Ô£Ô£É¡Ý£Ó£±£Æ
241,00006512,ŽÄŽ¯ŽÌŽßT-¾®ÊØ¾®ÁÎ    £Ô£Ô£É¡Ý£Ó£±£Ð
242,00006513,ŽÄŽ¯ŽÌŽßX-Ž²ŽÅŽ½ŽÌŽÞŽÙŽ°     £Ô£Ø£É¡Ý£É£³
243,00006514,ŽÄŽ¯ŽÌŽßX-ŽÐŽ½ŽÃŽ¨ŽÎŽÜŽ²ŽÄ    £Ô£Ø£É¡Ý£Í£±
244,00006515,ŽÄŽ¯ŽÌŽßX-MŽ±Ž²ŽÎŽÞŽØŽ°     £Ô£Ø£É¡Ý£Í£²
245,00006516,ŽÄŽ¯ŽÌŽßX-MŽËŽßŽÝŽ¸       £Ô£Ø£É¡Ý£Í£´
246,00006600,Ž·Ž¬Ž¯ŽÁCT­µ-ŽÎŽÜŽ²ŽÄ     £Ã£Ô£É¡Ý£Ó£±
247,00006601,Ž·Ž¬Ž¯ŽÁCT­µ-ŽÎŽÜŽ²ŽÄŽ¸ŽÞŽÚŽ² £Ã£Ô£É¡Ý£Ó£±£¶
248,00006602,Ž·Ž¬Ž¯ŽÁCT­µ-SŽ±Ž²ŽÎŽÞŽØŽ°  £Ã£Ô£É¡Ý£Ó£²
249,00006603,Ž·Ž¬Ž¯ŽÁCT­µ-PŽËŽßŽÝŽ¸    £Ã£Ô£É¡Ý£Ð£´
250,00006604,Ž·Ž¬Ž¯ŽÁCT­µ-PŽ±Ž²ŽÎŽÞŽØŽ°  £Ã£Ô£É¡Ý£Ð£²
251,00006605,Ž·Ž¬Ž¯ŽÁCT­µ-PŽ²Ž´ŽÛŽ°    £Ã£Ô£É¡Ý£Ð£¶
252,00006606,Ž·Ž¬Ž¯ŽÁCT­µ-PŽÌŽÞŽÙŽ°    £Ã£Ô£É¡Ý£Ð£³
253,00006607,Ž·Ž¬Ž¯ŽÁCT­µ-HŽÌŽÞŽ×Ž³ŽÝ   £Ã£Ô£É¡Ý£È£·
254,00006608,Ž·Ž¬Ž¯ŽÁCT­µ-HŽÍŽÞŽ°Ž¼ŽÞŽ­  £Ã£Ô­µ¡Ý£È£¸
255,00006609,Ž·Ž¬Ž¯ŽÁCT­µ-HŽ¸ŽÞŽØŽ°ŽÝ   £Ã£Ô­µ¡¼£È£¹
256,00006610,Ž·Ž¬Ž¯ŽÁCT­µ-HŽÌŽÞŽÙŽ°    £Ã£Ô­µ¡¼£È£³
257,00006611,Ž·Ž¬Ž¯ŽÁCT­µ-HŽ¸ŽÞŽÚŽ°    £Ã£Ô­µ¡¼£È£±£¶
258,00006612,Ž·Ž¬Ž¯ŽÁCT­µ-Ž±Ž°Ž½Ž¸ŽÞŽÚŽ°  £Ã£Ô­µ¡¼£Á£±£¶
259,00006613,Ž·Ž¬Ž¯ŽÁCT­µ-EŽÌŽÞŽÙŽ°    £Ã£Ô­µ¡¼£Å£³
260,00006614,Ž·Ž¬Ž¯ŽÁCT­µ-FŽÊŽÞŽ²ŽµŽÚŽ¯ŽÄ £Ã£Ô­µ¡¼£Æ£±£³
261,00006615,Ž·Ž¬Ž¯ŽÁCT­µ-EŽÌŽÞŽ×Ž¯Ž¸   £Ã£Ô­µ¡¼£Å£µ
262,00006616,Ž·Ž¬Ž¯ŽÁCT­µ-FŽ¸ŽÞŽØŽ°ŽÝ   £Ã£Ô­µ¡¼£Æ£¹
263,00006617,Ž·Ž¬Ž¯ŽÁCT­µ-DŽÚŽ¯ŽÄŽÞ    £Ã£Ô­µ¡¼£Ä£µ
264,00006618,Ž·Ž¬Ž¯ŽÁCT­µ-FŽÌŽÞŽÙŽ°    £Ã£Ô­µ¡¼£Æ£³
265,00006619,Ž·Ž¬Ž¯ŽÁCT­µ-EŽÌŽÞŽ×Ž³ŽÝ   £Ã£Ô­µ¡¼£Å£·
266,00006620,Ž·Ž¬Ž¯ŽÁCT­µ-DŽÚŽ¯ŽÄŽÞ  ¡¡£Ã£Ô­µ¡Ý£Ä£µ
267,00006621,Ž·Ž¬Ž¯ŽÁCT­µ-HŽ·Ž¬ŽÒŽÙ    £Ã£Ô­µ¡¼£ÈŽ·Ž¬ŽÒŽÙ
268,00006622,Ž·Ž¬Ž¯ŽÁCT­µ-ŽÜŽ²ŽÝŽÚŽ¯ŽÄŽÞ  £Ã£Ô­µ¡¼£×ŽÚŽ¯ŽÄŽÞ
269,00006623,Ž·Ž¬Ž¯ŽÁCT­µ-Ž¿ŽÌŽÄŽÌŽÞŽÙŽ°  £Ã£Ô£É¡Ý£Î£Â£²
270,00006624,Ž·Ž¬Ž¯ŽÁCT­µŽ°ŽÍŽßŽ°ŽÙŽÎŽÜŽ²ŽÄ £Ã£Ô£É¡Ý£Ð£±
271,00006625,Ž·Ž¬Ž¯ŽÁCT­µ-EŽ¸ŽÞŽØŽ°ŽÝ ¡¡£Ã£Ô£É¡¼£Å£¹
272,00007000,Ž·Ž¬Ž¯ŽÁCT­¶-ŽÎŽÜŽ²ŽÄ     £Ã£Ô­¶¡¼£Ó£±
273,00007001,Ž·Ž¬Ž¯ŽÁCT­¶-ŽÎŽÜŽ²ŽÄŽ¸ŽÞŽÚŽ² £Ã£Ô­¶¡¼£Ó£±£¶
274,00007002,Ž·Ž¬Ž¯ŽÁCT­¶-Ž±Ž²ŽÎŽÞŽØŽ°   £Ã£Ô­¶¡Ý£Ó£²
275,00007003,Ž·Ž¬Ž¯ŽÁCT­¶-PŽËŽßŽÝŽ¸    £Ã£Ô­¶¡Ý£Ð£´
276,00007004,Ž·Ž¬Ž¯ŽÁCT­¶-PŽ±Ž²ŽÎŽÞŽØŽ°  £Ã£Ô­¶¡Ý£Ð£²
277,00007005,Ž·Ž¬Ž¯ŽÁCT­¶-PŽ²Ž´ŽÛŽ°    £Ã£Ô­¶¡Ý£Ð£¶
278,00007006,Ž·Ž¬Ž¯ŽÁCT­¶-PŽÌŽÞŽÙŽ°    £Ã£Ô­¶¡Ý£Ð£³
279,00007007,Ž·Ž¬Ž¯ŽÁCT­¶-HŽÌŽÞŽ×Ž³ŽÝ   £Ã£Ô­¶¡¼£È£·
280,00007008,Ž·Ž¬Ž¯ŽÁCT­¶-HŽÍŽÞŽ°Ž¼ŽÞŽ­  £Ã£Ô­¶¡¼£È£¸
281,00007009,Ž·Ž¬Ž¯ŽÁCT­¶-HŽ¸ŽÞŽØŽ°ŽÝ   £Ã£Ô­¶¡¼£È£¹
282,00007010,Ž·Ž¬Ž¯ŽÁCT­¶-HŽÌŽÞŽÙŽ°    £Ã£Ô­¶¡¼£È£³
283,00007011,Ž·Ž¬Ž¯ŽÁCT­¶-EŽ²Ž´ŽÛŽ°    £Ã£Ô­¶¡¼£Å£¶
284,00007012,Ž·Ž¬Ž¯ŽÁCT­¶-FŽÊŽÞŽ²ŽµŽÚŽ¯ŽÄ £Ã£Ô­¶¡¼£Æ£±£³
285,00007013,Ž·Ž¬Ž¯ŽÁCT­¶-HŽ¸ŽÞŽÚŽ°    £Ã£Ô­¶¡¼£È£±£¶
286,00007014,Ž·Ž¬Ž¯ŽÁCT­¶-Ž±Ž°Ž½Ž¸ŽÞŽÚŽ°  £Ã£Ô­¶¡¼£Á£±£¶
287,00007015,Ž·Ž¬Ž¯ŽÁCT­¶-ŽÃŽÞŽ¨Ž°ŽÌŽßŽÚŽ¯ŽÄ£Ã£Ô­¶¡¼£Ä£µ
288,00007016,Ž·Ž¬Ž¯ŽÁCT­¶-DŽÌŽÞŽÙŽ°    £Ã£Ô­¶¡¼£Ä£³
289,00007017,Ž·Ž¬Ž¯ŽÁCT­¶-EŽÌŽÞŽÙŽ°¡¡  £Ã£Ô­¶¡Ý£Å£³
290,00007018,Ž·Ž¬Ž¯ŽÁCT­¶-EŽÌŽÞŽ×Ž³ŽÝ   £Ã£Ô­¶¡¼£Å£·
291,00007019,Ž·Ž¬Ž¯ŽÁCT­¶-FŽÌŽÞŽÙŽ°    £Ã£Ô­¶¡Ý£Æ£³
292,00007020,Ž·Ž¬Ž¯ŽÁCT­¶-FŽ¸ŽÞŽØŽ°ŽÝ   £Ã£Ô­¶¡¼£Æ9
293,00007021,Ž·Ž¬Ž¯ŽÁCT­¶-HŽ·Ž¬ŽÒŽÙ¡¡¡¡£Ã£Ô­¶¡¼£ÈŽ·Ž¬ŽÒŽÙ
294,00007022,Ž·Ž¬Ž¯ŽÁCT­¶-EŽÌŽÞŽ×Ž¯Ž¸¡¡ £Ã£Ô­¶¡¼£Å£µ
295,00007023,Ž·Ž¬Ž¯ŽÁCT­¶-ŽÍŽßŽ°ŽÙŽÎŽÜŽ²ŽÄ £Ã£Ô­¶¡¼£Ð£±
296,00007024,Ž·Ž¬Ž¯ŽÁCT­¶-ŽÜŽ²ŽÝŽÚŽ¯ŽÄŽÞ¡¡£Ã£Ô­¶¡¼ŽÜŽ²ŽÝŽÚŽ¯ŽÄŽÞ
297,00007500,Ž·Ž¬Ž¯ŽÁCT­·-ŽÎŽÜŽ²ŽÄ     £Ã£Ô­·¡¼£Ó£±
298,00007501,Ž·Ž¬Ž¯ŽÁCT­·-ŽÎŽÜŽ²ŽÄŽ¸ŽÞŽÚŽ² £Ã£Ô­·¡¼£Ó£±£¶
299,00007502,Ž·Ž¬Ž¯ŽÁCT­·-PŽ±Ž²ŽÎŽÞŽØŽ°  £Ã£Ô­·¡¼£Ð£²
300,00007503,Ž·Ž¬Ž¯ŽÁCT­·-HŽÌŽÞŽ×Ž³ŽÝ   £Ã£Ô­·¡¼£È£·
301,00007504,Ž·Ž¬Ž¯ŽÁCT­·-HŽÍŽÞŽ°Ž¼ŽÞŽ­  £Ã£Ô­·¡¼£È£¸
302,00007505,Ž·Ž¬Ž¯ŽÁCT­·-HŽ¸ŽÞŽØ-ŽÝ   £Ã£Ô­·¡¼£È£¹
303,00007506,Ž·Ž¬Ž¯ŽÁCT­·-HŽÌŽÞŽÙŽ°    £Ã£Ô­·¡¼£È£³
304,00007507,Ž·Ž¬Ž¯ŽÁCT­·-HŽ¸ŽÞŽÚŽ°    £Ã£Ô­·¡¼£È£±£¶
305,00007508,Ž·Ž¬Ž¯ŽÁCT­·-PŽÌŽÞŽÙŽ°    £Ã£Ô­·¡¼£Ð£³
306,00007509,Ž·Ž¬Ž¯ŽÁCT­·-ŽÍŽßŽ°ŽÙŽÎŽÜŽ²ŽÄ £Ã£Ô­·¡¼£Ð£±
307,00007510,Ž·Ž¬Ž¯ŽÁCT­·-PŽËŽßŽÝŽ¸¡¡  £Ã£Ô­·¡¼£Ð£´
308,00007511,Ž·Ž¬Ž¯ŽÁCT­·-PŽ²Ž´ŽÛŽ°¡¡¡¡£Ã£Ô­·¡¼£Ð£¶
309,00007512,Ž·Ž¬Ž¯ŽÁCT­·-HŽ·Ž¬ŽÒŽÙ ¡¡ £Ã£Ô­·¡Ý£ÈŽ·Ž¬ŽÒŽÙ
310,00007513,Ž·Ž¬Ž¯ŽÁCT­·-Ž¿ŽÌŽÄŽÌŽÞŽÙŽ°¡¡£Ã£Ô­·¡¼£Î£Â£²
311,00007700,Ž·Ž¬Ž¯ŽÁCT­¸-ŽÎŽÜŽ²ŽÄ·Ï¡¡CT­¸-S1
312,00007701,Ž·Ž¬Ž¯ŽÁCT­¸-PŽ±Ž²ŽÎŽÞŽØŽ°·Ï CT­¸-P2
313,00007702,Ž·Ž¬Ž¯ŽÁCT­¸-HŽÍŽÞŽ°Ž¼ŽÞŽ­  £Ã£Ô­¸-£È8
314,00007703,Ž·Ž¬Ž¯ŽÁCT­¸-HŽÌŽÞŽ×Ž³ŽÝ   £Ã£Ô­¸-£È7
315,00007704,Ž·Ž¬Ž¯ŽÁCT­¸-ŽÍŽßŽ°ŽÙŽÎŽÜŽ²ŽÄ £Ã£Ô­¸-£Ð£±
316,00007705,Ž·Ž¬Ž¯ŽÁCT­¸-ŽÎŽÜŽ²ŽÄŽ¸ŽÞŽÚŽ°·Ï CT­¸-S16
317,00007706,Ž·Ž¬Ž¯ŽÁCT­¸-ŽÌŽÞŽÙŽ°·Ï CT­¸-S3
318,00007707,Ž·Ž¬Ž¯ŽÁCT­¸-ŽËŽßŽÝŽ¸·Ï CT­¸-S4
319,00007708,Ž·Ž¬Ž¯ŽÁCT­¸-PŽÌŽÞŽÙŽ°    £Ã£Ô­¸-£Ð£³
320,00007709,Ž·Ž¬Ž¯ŽÁCT­¸Ž°HŽÌŽÞŽÙŽ°    £Ã£Ô­¸-£È£³
321,00007710,Ž·Ž¬Ž¯ŽÁCT­¸-Ž¸ŽÞŽØŽ°ŽÝ·Ï CT­¸-S9
322,00008000,Ž·Ž¬Ž¯ŽÁCX­µ-ŽÐŽ½ŽÃŽ¨ŽÎŽÜŽ²ŽÄ £Ã£Ø­µ¡¼£Í£±
323,00008001,Ž·Ž¬Ž¯ŽÁCX­µ-MŽ±Ž²ŽÎŽÞŽØŽ°  £Ã£Ø­µ¡¼£Í£²
324,00008002,Ž·Ž¬Ž¯ŽÁCX­µ-ŽÐŽ½ŽÃŽ¨ŽËŽßŽÝŽ¸ £Ã£Ø­µ¡¼£Í£´
325,00008003,Ž·Ž¬Ž¯ŽÁCX­µ-Ž²ŽÅŽ½ŽÌŽÞŽÙŽ°  £Ã£Ø­µ¡¼£é£³
326,00008004,Ž·Ž¬Ž¯ŽÁCX­µ-ŽÐŽ½ŽÃŽ¨ŽÌŽÞŽÙŽ° £Ã£Ø­µ¡¼£Í£³
327,00008005,Ž·Ž¬Ž¯ŽÁCX­µ-ŽÐŽ½ŽÃŽ¨Ž¸ŽÞŽÚŽ° £Ã£Ø­µ¡¼£Í£±£¶
328,00008006,Ž·Ž¬Ž¯ŽÁCX­µ-ŽÌŽÞŽ×Ž¯Ž¸    £Ã£Ø­µ¡¼£É£µ
329,00008007,Ž·Ž¬Ž¯ŽÁCX­µ-MŽµŽÌŽÎŽÜŽ²ŽÄ  £Ã£Ø­µ¡¼£Í£±£µ
330,00008008,Ž·Ž¬Ž¯ŽÁCX­µ-ŽØŽ°ŽØŽ¯Ž¸Ž¸ŽÞŽØŽÝ£Ã£Ø­µ¡¼£Ì£¹
331,00008009,Ž·Ž¬Ž¯ŽÁCX­µ-ŽÌŽÞŽÙŽ°Ž¸ŽÞŽÚŽ° £Ã£Ø­µ¡¼£Â£±£¶
332,00008010,Ž·Ž¬Ž¯ŽÁCX­µ-ŽÌŽ«Ž¸ŽÞŽÌŽÞŽÙŽ° £Ã£Ø­µ¡¼£Ó£Â£¶
333,00008011,Ž·Ž¬Ž¯ŽÁCX­µ-ŽÜŽ²ŽÝŽÚŽ¯ŽÄŽÞ  £Ã£Ø­µ¡¼£±£´
334,00008012,Ž·Ž¬Ž¯ŽÁCX­µ-LŽÍŽÞŽ°Ž¼ŽÞŽ­  £Ã£Ø­µ¡¼£Ì£¸
335,00008013,Ž·Ž¬Ž¯ŽÁCX­µ-SŽÍŽÞŽ°Ž¼ŽÞŽ­  £Ã£Ø­µ¡¼£Ó£Ä£¸
336,00008014,Ž·Ž¬Ž¯ŽÁCX­µ-ŽÌŽ«Ž¸ŽÞŽ¸ŽÞŽØŽÝ £Ã£Ø­µ¡¼£Æ£¹
337,00008015,Ž·Ž¬Ž¯ŽÁCX­µ-Ž·Ž¬ŽÒŽÙ     £Ã£Ø­µ¡¼£Ó£Õ£¶
338,00008016,Ž·Ž¬Ž¯ŽÁCX­µ-ŽØŽ°ŽØŽ¯Ž¸ŽÌŽÞŽÙŽ°£Ã£Ø­µ¡¼£Ì£³
339,00008017,Ž·Ž¬Ž¯ŽÁCX­µ-Ž×Ž²ŽÄŽÌŽÞŽÙŽ°  £Ã£Ø­µ¡¼£Ì£Â£¸
340,00008018,Ž·Ž¬Ž¯ŽÁCX­µ-ŽØŽ°ŽØŽ¯Ž¸Ž²Ž´ŽÛŽ°£Ã£Ø­µ¡¼£Ì£¶
341,00008019,Ž·Ž¬Ž¯ŽÁCX­µ-Ž²ŽÅŽ½Ž¸ŽÞŽØŽ°ŽÝ £Ã£Ø£É¡Ý£é£¹
342,00008020,Ž·Ž¬Ž¯ŽÁCX­µ¿·ŽÀŽ²ŽÌŽßŽÎŽÜŽ²ŽÄ·Ï CX­µ-W
343,00008021,Ž·Ž¬Ž¯ŽÁCX­µ¿·ŽÀŽ²ŽÌŽßŽ±Ž²ŽÎŽÞŽØŽ°·Ï CX­µ-IV
344,00008023,Ž·Ž¬Ž¯ŽÁCX­µ¿·ŽÀŽ²ŽÌŽßŽ·Ž¬ŽÒŽÙ CX­µ-CA
345,00008025,Ž·Ž¬Ž¯ŽÁCX­µ¿·ŽÀŽ²ŽÌŽßŽÎŽÜŽ²ŽÄŽ¸ŽÞŽÚŽ°·Ï CX­µ-WG
346,00008026,Ž·Ž¬Ž¯ŽÁCX­µ¿·ŽÀŽ²ŽÌŽß ŽÌŽÞŽÙŽ°·Ï CX­µ-BU
347,00008027,Ž·Ž¬Ž¯ŽÁCX­µ ¿·ŽÀŽ²ŽÌŽß ŽËŽßŽÝŽ¸·Ï CX­µ-P
348,00008030,Ž·Ž¬Ž¯ŽÁCX­µ¿·ŽÀŽ²ŽÌŽß Ž¸ŽÞŽØŽ°ŽÝ·Ï CX­µ-G
349,00008300,Ž·Ž¬Ž¯ŽÁCX­¶-ŽÎŽÜŽ²ŽÄ·Ï CX­¶-W
350,00008301,Ž·Ž¬Ž¯ŽÁCX­¶-Ž±Ž²ŽÎŽÞŽØŽ°·Ï CX­¶-IV
351,00008302,Ž·Ž¬Ž¯ŽÁCX­¶-ŽÌŽÞŽÙŽ°·Ï CX­¶-BU
352,00008303,Ž·Ž¬Ž¯ŽÁCX­¶-ŽµŽÌŽÎŽÜŽ²ŽÄ   £Ã£Ø­¶-£Í15
353,00008304,Ž·Ž¬Ž¯ŽÁCX­¶-ŽÍŽÞŽ°Ž¼ŽÞŽ­·Ï CX­¶-BE
354,00008305,Ž·Ž¬Ž¯ŽÁCX­¶ ŽÎŽÜŽ²ŽÄŽ¸ŽÞŽÚŽ° CX­¶-WG
1237,01000000,¸¡¿Ë
360,00008450,Ž·Ž¬Ž¯ŽÁÍÑŽÄŽ×Ž¯ŽÌŽßŽ¶ŽÊŽÞŽ°
361,00008460,Ž·Ž¬Ž¯ŽÁÍÑŽÄŽ×Ž¯ŽÌŽßŽ¶ŽÊŽÞŽ°(¼ù»é)Çò40
362,00008461,Ž·Ž¬Ž¯ŽÁÍÑŽÄŽ×Ž¯ŽÌŽßŽ¶ŽÊŽÞŽ°(¼ù»é)Çò50
363,00008462,Ž·Ž¬Ž¯ŽÁÍÑŽÄŽ×Ž¯ŽÌŽßŽ¶ŽÊŽÞŽ°(¼ù»é)¹õ40
364,00008463,Ž·Ž¬Ž¯ŽÁÍÑŽÄŽ×Ž¯ŽÌŽßŽ¶ŽÊŽÞŽ°(¼ù»é)¹õ50
365,00008500,¥Ü¥ó¥Ü¥¢ Ž±Ž²ŽÎŽÞŽØŽ°     £Â£Â¡Ý£±£É£Ö
366,00008501,¥Ü¥ó¥Ü¥¢ ŽÌŽÞŽ×Ž¯Ž¸      £Â£Â¡Ý£±£Â£Ë
367,00008502,¥Ü¥ó¥Ü¥¢¡¦¥ß¥Ë      £Â£Â¡Ý£µ
368,00008503,¥Ü¥ó¥¢Ž°¥È¥»¥Ã¥È     £Â£Á¡Ý£°£±
369,00008504,¥³¥Þ¡¼¥·¥ã¥ëËÜÂÎ     CM-1
370,00008505,¥¨¥³¥¾¥¢V(ACÍÑ) 100V
371,00008506,¥¨¥³¥¾¥¢V(DCÍÑ) 12-24V
372,00008507,Á´´Û¾Ã½­ÁõÃÖËÜÂÎ  MK-20E
373,00008508,Ž¶Ž°ŽµŽÄŽÞŽÚŽ°Ž»ŽÞŽ°(Çò)    CA-1W
374,00008509,Ž¶Ž°ŽµŽÄŽÞŽÚŽ°Ž»ŽÞŽ°(¹õ)    CA-1BL
375,00008510,Ž¶Ž°ŽµŽÄŽÞŽÚŽ°Ž»ŽÞŽ°(ÀÖ»ç)  CA-1WR
376,00008511,Ž¶Ž°ŽµŽÄŽÞŽÚŽ°Ž»ŽÞŽ°(Ž¸ŽÞŽÚŽ°¡Ë CA-1GG
377,00008512,Ž¶Ž°ŽµŽÄŽÞŽÚŽ°Ž»ŽÞŽ°(ŽÌŽÞŽÙŽ°)  CA-1NB
378,00008513,ŽÈŽ²ŽÁŽ¬Ž°ŽÌŽÚŽ¯Ž¼Ž­ËÜÂÎ  NF-1
379,00008514,¿¹ÎÓÍá¾Ã½­ºÞ ŽÒŽÝŽÌŽÞŽÚŽÝNo.1¡¡BB-MC1
380,00008515,¿¹ÎÓÍá¾Ã½­ºÞ ŽÒŽÝŽÌŽÞŽÚŽÝNo.2¡¡BB-MC2
381,00008516,¿¹ÎÓÍá¾Ã½­ºÞ ŽÒŽÝŽÌŽÞŽÚŽÝNo.5  BB-MC5
382,00008517,¿¹ÎÓÍá¾Ã½­ºÞ ŽÒŽÝŽÌŽÞŽÚŽÝBOX   MC-BOX
383,00008518,¥¨¥³¥¾¥¢ÍÑŽÆŽ­Ž°ŽÄŽ×ŽÙ  £Ã£Í-£Í£ÃŽÆŽ­Ž°ŽÄŽ×ŽÙ
384,00008519,¥¨¥³¥¾¥¢ÍÑ¤Ò¤Î¤­  £Ã£Í-£Í£Ã¤Ò¤Î¤­
385,00008520,¥¨¥³¥¾¥¢ÍÑŽ¼ŽÄŽ×Ž½    £Ã£Í-£Í£ÃŽ¼ŽÄŽ×Ž½
386,00008521,»º¶ÈÍÑ¥á¥ó¥Ö¥ì¥ó
387,00008522,¥¢¥¸¥ã¥¹¥¿¥Ö¥ë¥«¡¼¥È¥ê¥Ã¥¸100
388,00008523,·ÈÂÓÍÑÃ¦½­ºÞ3Æþ  DS-3K
389,00008524,Ž¶-ŽµŽÄŽÞŽÚŽ°Ž»ŽÞŽ° Ž¶Ž°ŽÄŽØŽ¯ŽÁ CA-MC(£³ËçÆþ¤ê)
390,00008525,ŽÈŽ²ŽÁŽ¬Ž°ŽÌŽÚŽ¯Ž¼Ž­ÍÑFM    NF-FMC
391,00008526,NFÍÑÃ¦½­ŽÌŽ¨ŽÙŽÀ-   NF-C
405,00008540,¥Ü¥ó¥¢¡¼¥ÈÍÑ¡Ø½ñ¡Ù  £Â£Á¡Ý£Ó£Ù£Ï
406,00008541,¿¹ÎÓÍá¾Ã½­ºÞ ŽÒŽÝŽÌŽÞŽÚŽÝNo.1È¢ŽÅŽ¼ BB-MC1A
410,00008546,¥ß¥Ë¥Ü¥ó¥¢¡¼¥È
443,00009030,¥¨¥³¥¾¥¢Ž¥¥ß¥Ë¥Õ¥©¡¼¥ì
531,00010103,À¶Î®VÍÑË¢Ë÷
647,00010510,¥¹¥¤¥Ã¥ÈHR2 13mm(N)
966,00030300,¥»¥ó¥µ£Ñ¡¡³°ÁõŽ¹Ž°Ž½
355,00008440,Ž½Ž¹Ž°ŽÙŽ¶Ž¯ŽÄP(4.5Kg)
356,00008441,Ž¶ŽÞŽ×Ž½ÍÑŽ½Ž¹Ž°ŽÙ½üµîºÞ£Ó£Ô¡Ý£¶£°£°
357,00008442,¥Ë¥å¡¼¥Ð¥¹¥¯¥ê¡¼¥Ê¡¼£±£¸Kg
358,00008443,¥Ð¥¹¥¯¥ê¡¼¥Ê¡¼£±£¸£Ë£ç
359,00008444,¥«¥Ó¥¯¥ê¡¼¥Ê¡¼£´ŽØŽ¯ŽÄŽÙ
392,00008527,¾Ã½­¥·¥ã¥ï¡¼´Ý·¿
393,00008528,¥à¥Ã¥·¥åNo.1     BB-MS1
394,00008529,¾Ã½­¥·¥ã¥ï¡¼ÍÑ¥¯¥¤¥Ã¥¯¥«¥Ã¥È 10L
395,00008530,¥¯¥¤¥Ã¥¯¥¹¥×¥ì¡¼»°´§²¦
396,00008531,¥Ð¥¤¥ª£Ã 20L   B­µO-C20L
397,00008532,¥Ð¥¤¥ª£Ã 500   B­µO-C05L
398,00008533,ŽÊŽÞŽ²ŽµCŽÉŽ½ŽÞŽÙÉÕ¤­ÍÆ´ï B­µO-CSPB
399,00008534,ŽÈŽ²ŽÁŽ¬Ž°ŽÌŽÚŽ¯Ž¼Ž­ŽÄŽÞŽ×Ž²Ž½ŽÌŽßŽÚŽ° NFDSP-S
400,00008535,ŽÈŽ²ŽÁŽ¬Ž°ŽÌŽÚŽ¯Ž¼Ž­ŽÄŽÞŽ×Ž²Ž½ŽÌŽßŽÚŽ° NFDSP-L
401,00008536,¥Û¥¹¥Ô¥Î¡¼¥º HNDSP   380ml
402,00008537,¥Ü¥ó¥Ü¥¢ÍÑ¥é¥¤¥à    RBBC­µ-02S
403,00008538,¥Ü¥ó¥Ü¥¢ÍÑ¥ß¥ó¥È    RBBGR-01S
404,00008539,¥Ü¥ó¥Ü¥¢ÍÑ¥Ö¡¼¥±    RBBFL-02S
407,00008542,¥Ü¥ó¥Ü¥¢ÍÑ¥ª¥ì¥ó¥¸
408,00008543,µÛ³Ì²ó¼ýŽÎŽÞŽ¯Ž¸Ž½ÍÑÃ¦½­ºÞ 20Kg
409,00008545,Ìµ¹áÎÁ¾Ã½­ºÞŽ¼Ž»ŽÞŽ°Ž½
411,00008547,£Ç£Ì¾Ã½­¶ÈÌ³ÍÑ¾Ã½­´Ì¥¹¥×¥ì¡¼
412,00008548,£Ç£Ì¾Ã½­ŽÄŽØŽ¶ŽÞŽ°Ž½ŽÌŽßŽÚŽ°
413,00008549,£Ç£Ì¾Ã½­µÍ¤áÂØ¤¨(¥¹¥×¥ì¡¼ÍÑ)
414,00009000,ŽØŽÌŽÚ ¾Ã½­        £Ò£Ä£Å¡Ý£°£±
415,00009001,ŽØŽÌŽÚ ŽÀŽÊŽÞŽº¾Ã½­    £Ò£Ä£Å¡Ý£°£±
416,00009002,ŽØŽÌŽÚ ŽÃŽÞŽµŽÄŽÞŽ×ŽÝŽÄŽÊŽ°ŽÌŽÞ£Ò£Ä£Å¡Ý£°£²£Ó
417,00009003,ŽØŽÌŽÚ ¥ª¥ì¥ó¥¸    £Ò£Ã£É¡Ý£°£±£Ó
418,00009004,ŽØŽÌŽÚ ¥é¥¤¥à      £Ò£Ã£É¡Ý£°£²£Ó
419,00009005,ŽØŽÌŽÚ ¥ì¥Þ¥Ë¡¼    £Ò£Ã£É¡Ý£°£³£Ó
420,00009006,ŽØŽÌŽÚ ¥¹¥«¥Ã¥·¥å  £Ò£Ã£É¡Ý£°£´£Ó
421,00009007,ŽØŽÌŽÚ ¥Í¡¼¥Ö¥ë    £Ò£Ã£É¡Ý£°£µ£Ó
422,00009008,ŽØŽÌŽÚ ¥·¥È¥é¥¹    £Ò£Ã£É¡Ý£°£¶£Ó
423,00009009,ŽØŽÌŽÚ Ž¼ŽÄŽÛŽÝŽ¿Ž°ŽÀŽÞ    £Ò£Ã£É¡Ý£°£·£Ó
424,00009010,¥ê¥Õ¥ì¥°¥ì¡¼¥×¥Õ¥ë¡¼¥Ä
425,00009011,ŽØŽÌŽÚ ¥¨¥Á¥å¡¼¥É  £Ò£Ð£Å¡Ý£°£²£Ó
426,00009012,ŽØŽÌŽÚ ¸ÅÅÔ        £Ò£Ð£Å-£°£³£Ó
427,00009013,ŽØŽÌŽÚ ¥­¥ó¥â¥¯¥»¥¤£Ò£Æ£Ì¡Ý£°£±£Ó
428,00009014,ŽØŽÌŽÚ ¥Ö¡¼¥±      £Ò£Æ£Ì¡Ý£°£²£Ó
429,00009015,ŽØŽÌŽÚ ¥é¥Ù¥ó¥À¡¼  £Ò£Æ£Ì¡Ý£°£³£Ó
430,00009016,ŽØŽÌŽÚ ŽÌŽÞŽÙŽ¶ŽÞŽØŽ±ŽÝŽÛ-Ž½ŽÞ£Ò£Æ£Ì¡Ý£°£´£Ó
431,00009017,ŽØŽÌŽÚ ¥¬¡¼¥Ç¥Ë¥¢¥ó£Ò£Æ£Ì¡Ý£°£¶£Ó
432,00009018,ŽØŽÌŽÚ ¥¸¥ã¥¹¥ß¥ó  £Ò£Æ£Ì¡Ý£°£µ£Ó
433,00009019,ŽØŽÌŽÚ ¥¢¥Ã¥×¥ë    £Ò£Æ£Ò¡Ý£°£±£Ó
434,00009020,ŽØŽÌŽÚ ¥¹¥È¥í¥Ù¥ê¡¼£Ò£Æ£Ò¡Ý£°£²£Ó
435,00009021,ŽØŽÌŽÚ ¥­¥ç¥Û¥¦    £Ò£Æ£Ò¡Ý£°£³£Ó
436,00009022,ŽØŽÌŽÚ ¥Õ¥ë¡¼¥Æ¥£¡¼£Ò£Æ£Ò¡Ý£°£´£Ó
437,00009023,ŽØŽÌŽÚ ¥ß¥ó¥È      £Ò£Ç£Ò¡Ý£°£±£Ó
438,00009024,ŽØŽÌŽÚ ¥Ï¡¼¥Ð¥ë    £Ò£Ç£Ò¡Ý£°£²£Ó
439,00009025,ŽØŽÌŽÚ ¥Ñ¥Ã¥·¥ç¥ó¥Õ¥ë¡¼¥Ä
440,00009026,¥ß¥Ë¥Õ¥©¡¼¥ì ¥ì¥â¥ó
441,00009027,¥Ò¥Î¥­¥á¥ó¥Ö¥ì¥ó
442,00009028,¥Ò¥Î¥­¥á¥ó¥Ö¥ì¥ó(È¢¤Ê¤·)
444,00009031,¥ß¥Ë¥Õ¥©¡¼¥ì¤Ò¤Î¤­(ŽÒŽÝŽÌŽÞŽÚŽÝÈ¢ŽÅŽ¼)
445,00009500,¥»¥ó¥µ£ØTOTO¡¡¡¡£Ð£Ó£Ø¡Ý£Ô£²
446,00009501,¥»¥ó¥µ£ØTOTO¡¡¡¡£Ð£Ó£Ø¡Ý£Ô£³£×
447,00009502,¥»¥ó¥µ£ØTOTO¡¡  £Ð£Ó£Ø¡Ý£Ô£³£É
448,00009503,¥»¥ó¥µ£ØINAX¡¡¡¡£Ð£Ó£Ø¡Ý£Ø£²
449,00009504,¥»¥ó¥µ£ØINAX¡¡¡¡£Ð£Ó£Ø¡Ý£Ø£³£×
450,00009505,¥»¥ó¥µ£ØINAX¡¡¡¡£Ð£Ó£Ø¡Ý£Ø£³£É
451,00009506,¥»¥ó¥µ£ØTOTO¡¡¡¡£Ð£Ó£Ø¡Ý£±Ž¶Ž³ŽÝŽÀŽ°Ž¾Ž¯ŽÄ
452,00009507,°÷¿ô¥«¥¦¥ó¥¿Ž¾ŽÝŽ»X  X-201
453,00009508,¥»¥ó¥µ£ØÍÑ¿ó¾å¤²¥´¥à
454,00009509,¥»¥ó¥µ£Ø¡¡¥Ç¥âµ¡
455,00009600,¥»¥ó¥µ£Ñ    ¡¡£Ð£Ó£Ñ£±£Ó
456,00009601,¥»¥ó¥µ£Ñ ¥¯¥í¥à £Ð£Ó£Ñ£±£Ó-£Ã£Ò
457,00009602,¥»¥ó¥µ£Ñ ½¸Ãæ¼° £Ð£Ó£Ñ£È£Ô
458,00009603,¥»¥ó¥µ£Ñ Ž¶Ž³ŽÝŽÀŽ°ÉÕ£Ð£Ó£Ñ£±£Ã
459,00009604,¥»¥ó¥µ£Ñ ´¨Îä¼° £Ð£Ó£Ñ£Ä£Æ
460,00009605,¥Õ¥é¥Ã¥·¥å¥ªŽ°¥È³¤¿åÂÐ±þ
461,00009606,¥Ô¥Ô¥»¥ó¥µ£Ö TOTO £ÔŽÀŽ²ŽÌŽß
462,00009607,¥Ô¥Ô¥»¥ó¥µ£Ö TOTO TGNŽÀŽ²ŽÌŽß
463,00009608,¥Ô¥Ô¥»¥ó¥µ£Ö TOTO TGŽÀŽ²ŽÌŽß
464,00009609,¥Ô¥Ô¥»¥ó¥µ£Ö INAX UFŽÀŽ²ŽÌŽß
465,00009610,¤µ¤¶¤Ê¤ß¥ª¡¼¥È£Ó (£Ô£Ò£É¡Ý£Ó¡Ë
466,00009611,¤µ¤¶¤Ê¤ß¥ª¡¼¥È£Í (£Ô£Ò£É¡Ý£Í¡Ë
467,00009612,¤µ¤¶¤Ê¤ß¥ª¡¼¥È£Ì (£Ô£Ò£É¡Ý£Ì¡Ë
468,00009613,£Ô£Ï£Ô£Ï¼«Æ°¿åÀò £Ô£Å£Á£¶£±£Ç£Ä
469,00009700,¼«Æ°¿åÀò À¶Î®   £Á£Ô£Ó¡Ý£°£±
470,00009701,¼«Æ°¿åÀò À¶Î®   £Á£Ô£Ó¡Ý£°£²
471,00009702,¼«Æ°¿åÀò À¶Î®   £Á£Ô£Ó¡Ý£°£±£Ì
472,00009703,¼«Æ°¿åÀòÀ¶Î®Ž½ŽÃŽ·ÉÕ £Á£Ô£Ó¡Ý£°£±£Ó
473,00009704,¼«Æ°¿åÀòÀ¶Î®Ž½ŽÃŽ·ÉÕ £Á£Ô£Ó¡Ý£°£²£Ó
474,00009705,¼«Æ°¿åÀò À¶Î®£Ê £Á£Ô£Ó¡Ý£°£³
475,00009706,¼«Æ°¿åÀò À¶Î® ¡¡£Å£Ù£µ£°£±
476,00009707,ÅÇ¿å¥Ñ¥¤¥×        Ë¢Ë÷²£·¿
477,00009708,ÅÇ¿å¥Ñ¥¤¥×        Ë¢Ë÷²£·¿¾å¸þ
478,00009709,ÅÇ¿å¥Ñ¥¤¥×        Ë¢Ë÷²£·¿¥Ä¥ë¼ó
479,00009710,ÅÇ¿åŽÊŽßŽ²ŽÌŽß Ž¼Ž¬ŽÜŽ°¼«ºß¡¡£Ð£Á285£Á-76£Ø
480,00009711,¤»¤»¤é¤®ÍÑ£Á£Ã¥¢¥À¥×¥¿-
481,00009712,¼Ø¸ý¥«¥Ð¡¼¤¹¤Æ¤­
482,00009713,¼«Æ°¿åÀò À¶Î®   ¥Ç¥âµ¡
483,00009714,¼«Æ°¿åÀò À¶Î®   £Á£Ô£Ó¡Ý£°£´
484,00009715,¼«Æ°¿åÀò À¶Î®£Ê(ŽÏŽ¸ŽÄŽÞŽÅŽÙŽÄŽÞ»ÅÍÍ)
485,00009716,¼«Æ°¿åÀò À¶Î®£ÊŽ¸ŽÛŽÑ
486,00009717,Àá¿å·¿¼«Æ°¿åÀò¤»¤»¤é¤® £Ô£Ò£É-£°£±
487,00009718,¤»¤»¤é¤®ÍÑŽÜŽÝŽÀŽ¯ŽÁŽºŽÈŽ¸ŽÀŽ°(ŽÊŽßŽ¯Ž·ŽÝÉÕ¡Ë
488,00009719,¤»¤»¤é¤®ÍÑ¥¿¥Ã¥Á¥Á¥å¡¼¥Ö(20£í´¬¡Ë
489,00009720,¤»¤»¤é¤®ÍÑŽÀŽ¯ŽÁŽÁŽ­Ž°ŽÌŽÞŽºŽÈŽ¸ŽÀŽ°Ž¾Ž¯ŽÄ(55cm)
490,00009721,Àá¿å·¿¼«Æ°¿åÀò¥¹¥ê¥à¥ª-¥È(ŽµŽÝŽµŽÌŽ¾ŽÝŽ»Ž°¡Ë
491,00009722,Àá¿å·¿¼«Æ°¿åÀò¥¹¥ê¥à¥ª-¥È(ÄÌ¾ïŽ¾ŽÝŽ»Ž°)
492,00009723,¥¹¥ê¥à¥ª¡¼¥ÈÍÑÊÑ´¹Ž±ŽÀŽÞŽÌŽßŽÀŽ°ÉÕË¢Ë÷ÊÛ£Á
493,00009724,¥¹¥ê¥à¥ª¡¼¥ÈÍÑÊÑ´¹Ž±ŽÀŽÞŽÌŽßŽÀŽ°ÉÕË¢Ë÷ÊÛ£Â
494,00009725,¥¹¥ê¥à¥ª¡¼¥ÈÍÑ¾þ¤ê¥Ê¥Ã¥È
495,00009726,¥¹¥ê¥à¥ª¡¼¥ÈÍÑÊÑ´¹Ž±ŽÀŽÞŽÌŽßŽÀŽ°ÉÕÆÃ¼ìÊÛ
496,00009800,ŽÃŽÞŽ¨Ž½ŽÍŽßŽÝŽ»¤µ¤Ü¤ó¤ÊA  SD-A2
497,00009801,ŽÃŽÞŽ¨Ž½ŽÍŽßŽÝŽ»¤µ¤Ü¤ó¤ÊS  SD-S2
498,00009802,¤µ¤Ü¤ó¤ÊÍÑÍÆ´ï
499,00009803,¼êÆ°ÀÐ¸´¤µ¤Ü¤ó¤Ê  PSD-P1  800ÍÑ
500,00009804,ŽÃŽÞŽ¨Ž½ŽÍŽßŽÝŽ»¤µ¤Ü¤ó¤Ê  PSD-P1  500ÍÑ
501,00009805,Ž»ŽÎŽÞŽÝŽÅAÍÑŽÊŽÝŽÄŽÞŽ¿-ŽÌŽß HS-101 400ml
502,00009806,¥Ï¥ó¥É¥½¡¼¥×£È£ó 500ml
503,00009807,¥Ï¥ó¥É¥½¡¼¥×£Á  500ml
504,00009808,ÌôÍÑŽÊŽÝŽÄŽÞŽ¿Ž°ŽÌŽß     HS-101 1.5L
505,00009809,¼«Æ°ÀÐ¸´¡¡       £Ô£Ó-£±£°£°£°
506,00009810,TS-1000ÀìÍÑÀÐ¸´¡¡¥·¥ã¥Ü¥Í¥Ã¥È£Æ
507,00009811,¥·¥ã¥Ü¥Í¥Ã¥ÈÀÐ¸´£Æ (UD-2200SÍÑ)
508,00009812,¥·¥ã¥Ü¥Í¥Ã¥ÈÀÐ¸´£Æ(£Í£Ä¡Ý£²£°£±ÍÑ)
509,00009813,¥·¥ã¥Ü¥Í¥Ã¥ÈÀÐ¸´¥æŽ¥¥à£Ó(UD-2200SÍÑ)
510,00009814,¥·¥ã¥Ü¥Í¥Ã¥ÈÀÐ¸´¥æŽ¥¥à£Ó(MD-201SÍÑ)
511,00009815,¥¦¥©¥Ã¥·¥å¥Ü¥ó£Ç(UD2200SÍÑ)
512,00009816,¥¦¥©¥Ã¥·¥å¥Ü¥ó£Ç(MD-201ÍÑ)
513,00009817,¥·¥ã¥Ü¥Í¥Ã¥È£Ð¡Ý£µ¡ÊË¢)MD201SFÍÑ
514,00009818,Ž¼Ž¬ŽÎŽÞŽÈŽ¯ŽÄŽÕŽÑP-5Ë¢1KgPÉÕUDÍÑ(23335)
515,00009830,¥µ¥Ë¥·¥ç¥Ã¥È £Õ£Ä¡Ý£²£²£°£°£ÓËÜÂÎ
516,00009831,¥µ¥Ë¥·¥ç¥Ã¥È £Í£Ä¡Ý£²£°£±£ÓËÜÂÎ
517,00009832,¥µ¥Ë¥·¥ç¥Ã¥È £Í£Ä¡Ý£²£°£±£Ó£Æ ËÜÂÎ
518,00009900,ÂçÊØ´ïÍÑ¼«Æ°Ž¾ŽÝŽ»Ž°  Ž¾ŽÝŽ»ŽÚŽ¯ŽÄF SR-T
519,00009901,ÂçÊØ´ïÍÑ¼«Æ°Ž¾ŽÝŽ»Ž°  Ž¾ŽÝŽ»ŽÚŽ¯ŽÄF SR-N
520,00009902,¥»¥ó¥µ¥ì¥Ã¥È(TOTO)ÍÑ²¡ŽÎŽÞŽÀŽÝÉÕŽÊŽßŽ²ŽÌŽß
521,00009903,¥»¥ó¥µ¥ì¥Ã¥È(INAX)ÍÑ²¡ŽÎŽÞŽÀŽÝÉÕŽÊŽßŽ²ŽÌŽß
522,00010000,¥Ç¥ë¥Þ¥ó          V-1
523,00010001,¥Ç¥ë¥Þ¥ó          V-10
524,00010002,¥Ç¥ë¥Þ¥ó½Ä·¿Ž¸ŽÛŽÑ   HR-55TS
525,00010003,¥Ç¥ë¥Þ¥ó²£·¿Ž¸ŽÛŽÑ   HR-55YS
526,00010004,¥Ç¥ë¥Þ¥ó½Ä·¿Ž¸ŽÞŽØ-ŽÝ HR-55TG
527,00010005,¥Ç¥ë¥Þ¥ó²£·¿Ž¸ŽÞŽØ-ŽÝ HR-55YG
528,00010100,À¶Î®VÍÑ¥¹¥¤¥Ã¥È3.5
529,00010101,À¶Î®VÍÑ¥¹¥¤¥Ã¥È4.5
530,00010102,À¶Î®VÍÑ¥¹¥¤¥Ã¥È5.5
532,00010200,¥¹¥¤¥Ã¥È£Í¥·¥ê¡¼¥º13mm (£².£µ)
533,00010201,¥¹¥¤¥Ã¥È£Í¥·¥ê¡¼¥º13mm (£³.£°)
534,00010202,¥¹¥¤¥Ã¥È£Í¥·¥ê¡¼¥º13mm (£³.£µ)
535,00010203,¥¹¥¤¥Ã¥È£Í¥·¥ê¡¼¥º13mm (£´.£°)
536,00010204,¥¹¥¤¥Ã¥È£Í¥·¥ê¡¼¥º13mm (£´.£µ)
537,00010205,¥¹¥¤¥Ã¥È£Í¥·¥ê¡¼¥º13mm (£µ.£°)
538,00010206,¥¹¥¤¥Ã¥È£Í¥·¥ê¡¼¥º13mm (£µ.£µ)
539,00010207,¥¹¥¤¥Ã¥È£Í¥·¥ê¡¼¥º13mm (£¶.£°)
540,00010208,¥¹¥¤¥Ã¥È£Í¥·¥ê¡¼¥º13mm (£¶.£µ)
541,00010209,¥¹¥¤¥Ã¥È£Í¥·¥ê¡¼¥º13mm (£·.£°)
542,00010210,¥¹¥¤¥Ã¥È£Í¥·¥ê¡¼¥º13mm (£·.£µ)
543,00010211,¥¹¥¤¥Ã¥È£Í¥·¥ê¡¼¥º13mm (£¸.£°)
544,00010220,¥¹¥¤¥Ã¥È£Í¥·¥ê¡¼¥º19mm (£².£µ)
545,00010221,¥¹¥¤¥Ã¥È£Í¥·¥ê¡¼¥º19mm (£³.£°)
546,00010222,¥¹¥¤¥Ã¥È£Í¥·¥ê¡¼¥º19mm (£³.£µ)
547,00010223,¥¹¥¤¥Ã¥È£Í¥·¥ê¡¼¥º19mm (£´.£°)
548,00010224,¥¹¥¤¥Ã¥È£Í¥·¥ê¡¼¥º19mm (£´.£µ)
549,00010225,¥¹¥¤¥Ã¥È£Í¥·¥ê¡¼¥º19mm (£µ.£°)
550,00010226,¥¹¥¤¥Ã¥È£Í¥·¥ê¡¼¥º19mm (£µ.£µ)
551,00010227,¥¹¥¤¥Ã¥È£Í¥·¥ê¡¼¥º19mm (£¶.£°)
552,00010228,¥¹¥¤¥Ã¥È£Í¥·¥ê¡¼¥º19mm (£¶.£µ)
553,00010229,¥¹¥¤¥Ã¥È£Í¥·¥ê¡¼¥º19mm (£·.£°)
554,00010230,¥¹¥¤¥Ã¥È£Í¥·¥ê¡¼¥º19mm (£·.£µ)
555,00010231,¥¹¥¤¥Ã¥È£Í¥·¥ê¡¼¥º19mm (£¸.£°)
556,00010241,¥¹¥¤¥Ã¥ÈTN¥·¥ê¡¼¥º13mm (£².£µ)
557,00010242,¥¹¥¤¥Ã¥ÈTN¥·¥ê¡¼¥º13mm (£³.£°)
558,00010243,¥¹¥¤¥Ã¥ÈTN¥·¥ê¡¼¥º13mm (£³.£µ)
559,00010244,¥¹¥¤¥Ã¥ÈTN¥·¥ê¡¼¥º13mm (£´.£°)
560,00010245,¥¹¥¤¥Ã¥ÈTN¥·¥ê¡¼¥º13mm (£´.£µ)
561,00010246,¥¹¥¤¥Ã¥ÈTN¥·¥ê¡¼¥º13mm (£µ.£°)
562,00010247,¥¹¥¤¥Ã¥ÈTN¥·¥ê¡¼¥º13mm (£µ.£µ)
563,00010248,¥¹¥¤¥Ã¥ÈTN¥·¥ê¡¼¥º13mm (£¶.£°)
564,00010249,¥¹¥¤¥Ã¥ÈTN¥·¥ê¡¼¥º13mm (£¶.£µ)
565,00010250,¥¹¥¤¥Ã¥ÈTN¥·¥ê¡¼¥º13mm (£·.£°)
566,00010251,¥¹¥¤¥Ã¥ÈTN¥·¥ê¡¼¥º13mm (£·.£µ)
567,00010252,¥¹¥¤¥Ã¥ÈTN¥·¥ê¡¼¥º13mm (£¸.£°)
568,00010260,¥¹¥¤¥Ã¥ÈTN¥·¥ê¡¼¥º19mm (£².£µ)
569,00010261,¥¹¥¤¥Ã¥ÈTN¥·¥ê¡¼¥º19mm (£³.£°)
570,00010262,¥¹¥¤¥Ã¥ÈTN¥·¥ê¡¼¥º19mm (£³.£µ)
571,00010263,¥¹¥¤¥Ã¥ÈTN¥·¥ê¡¼¥º19mm (£´.£°)
572,00010264,¥¹¥¤¥Ã¥ÈTN¥·¥ê¡¼¥º19mm (£´.£µ)
573,00010265,¥¹¥¤¥Ã¥ÈTN¥·¥ê¡¼¥º19mm (£µ.£°)
574,00010266,¥¹¥¤¥Ã¥ÈTN¥·¥ê¡¼¥º19mm (£µ.£µ)
575,00010267,¥¹¥¤¥Ã¥ÈTN¥·¥ê¡¼¥º19mm (£¶.£°)
576,00010268,¥¹¥¤¥Ã¥ÈTN¥·¥ê¡¼¥º19mm (£¶.£µ)
577,00010269,¥¹¥¤¥Ã¥ÈTN¥·¥ê¡¼¥º19mm (£·.£°)
578,00010270,¥¹¥¤¥Ã¥ÈTN¥·¥ê¡¼¥º19mm (£·.£µ)
579,00010271,¥¹¥¤¥Ã¥ÈTN¥·¥ê¡¼¥º19mm (£¸.£°)
580,00010280,¥¹¥¤¥Ã¥ÈTH¥·¥ê¡¼¥º13mm (£².£µ)
581,00010281,¥¹¥¤¥Ã¥ÈTH¥·¥ê¡¼¥º13mm (£³.£°)
582,00010282,¥¹¥¤¥Ã¥ÈTH¥·¥ê¡¼¥º13mm (£³.£µ)
583,00010283,¥¹¥¤¥Ã¥ÈTH¥·¥ê¡¼¥º13mm (£´.£°)
584,00010284,¥¹¥¤¥Ã¥ÈTH¥·¥ê¡¼¥º13mm (£´.£µ)
585,00010285,¥¹¥¤¥Ã¥ÈTH¥·¥ê¡¼¥º13mm (£µ.£°)
586,00010286,¥¹¥¤¥Ã¥ÈTH¥·¥ê¡¼¥º13mm (£µ.£µ)
587,00010287,¥¹¥¤¥Ã¥ÈTH¥·¥ê¡¼¥º13mm (£¶.£°)
588,00010288,¥¹¥¤¥Ã¥ÈTH¥·¥ê¡¼¥º13mm (£¶.£µ)
589,00010289,¥¹¥¤¥Ã¥ÈTH¥·¥ê¡¼¥º13mm (£·.£°)
590,00010290,¥¹¥¤¥Ã¥ÈTH¥·¥ê¡¼¥º13mm (£·.£µ)
591,00010291,¥¹¥¤¥Ã¥ÈTH¥·¥ê¡¼¥º13mm (£¸.£°)
592,00010300,¥¹¥¤¥Ã¥ÈTH¥·¥ê¡¼¥º19mm (2.5)
593,00010301,¥¹¥¤¥Ã¥ÈTH¥·¥ê¡¼¥º19mm (3.0)
594,00010302,¥¹¥¤¥Ã¥ÈTH¥·¥ê¡¼¥º19mm (3.5)
595,00010303,¥¹¥¤¥Ã¥ÈTH¥·¥ê¡¼¥º19mm (4.0)
596,00010304,¥¹¥¤¥Ã¥ÈTH¥·¥ê¡¼¥º19mm (4.5)
597,00010305,¥¹¥¤¥Ã¥ÈTH¥·¥ê¡¼¥º19mm (5.0)
598,00010306,¥¹¥¤¥Ã¥ÈTH¥·¥ê¡¼¥º19mm (5.5)
599,00010307,¥¹¥¤¥Ã¥ÈTH¥·¥ê¡¼¥º19mm (6.0)
600,00010308,¥¹¥¤¥Ã¥ÈTH¥·¥ê¡¼¥º19mm (6.5)
601,00010309,¥¹¥¤¥Ã¥ÈTH¥·¥ê¡¼¥º19mm (7.0)
602,00010310,¥¹¥¤¥Ã¥ÈTH¥·¥ê¡¼¥º19mm (7.5)
603,00010311,¥¹¥¤¥Ã¥ÈTH¥·¥ê¡¼¥º19mm (8.0)
604,00010320,¥¹¥¤¥Ã¥È¥¹¥È¥ì¡¼¥È(2.5)
605,00010321,¥¹¥¤¥Ã¥È¥¹¥È¥ì¡¼¥È(3.0)
606,00010322,¥¹¥¤¥Ã¥È¥¹¥È¥ì¡¼¥È(3.5)
607,00010323,¥¹¥¤¥Ã¥È¥¹¥È¥ì¡¼¥È(4.0)
608,00010324,¥¹¥¤¥Ã¥È¥¹¥È¥ì¡¼¥È(4.5)
609,00010325,¥¹¥¤¥Ã¥È¥¹¥È¥ì¡¼¥È(5.0)
610,00010326,¥¹¥¤¥Ã¥È¥¹¥È¥ì¡¼¥È(5.5)
611,00010327,¥¹¥¤¥Ã¥È¥¹¥È¥ì¡¼¥È(6.0)
612,00010328,¥¹¥¤¥Ã¥È¥¹¥È¥ì¡¼¥È(6.5)
613,00010329,¥¹¥¤¥Ã¥È¥¹¥È¥ì¡¼¥È(7.0)
614,00010330,¥¹¥¤¥Ã¥È¥¹¥È¥ì¡¼¥È(7.5)
615,00010331,¥¹¥¤¥Ã¥È¥¹¥È¥ì¡¼¥È(8.0)
616,00010340,¥¹¥¤¥Ã¥È¥¹¥ê¥à (3.0)
617,00010341,¥¹¥¤¥Ã¥È¥¹¥ê¥à (3.5)
618,00010342,¥¹¥¤¥Ã¥È¥¹¥ê¥à (4.0)
619,00010343,¥¹¥¤¥Ã¥È¥¹¥ê¥à (4.5)
620,00010344,¥¹¥¤¥Ã¥È¥¹¥ê¥à (5.0)
621,00010345,¥¹¥¤¥Ã¥È¥¹¥ê¥à (5.5)
622,00010346,¥¹¥¤¥Ã¥È¥¹¥ê¥à (6.0)
623,00010347,¥¹¥¤¥Ã¥È¥¹¥ê¥à (6.5)
624,00010348,¥¹¥¤¥Ã¥È¥¹¥ê¥à (7.0)
625,00010349,¥¹¥¤¥Ã¥È¥¹¥ê¥à (7.5)
626,00010350,¥¹¥¤¥Ã¥È¥¹¥ê¥à (8.0)
627,00010360,¥¹¥¤¥Ã¥È£Á¥·¥êŽ°¥º13mm (£².£µ)
628,00010361,¥¹¥¤¥Ã¥È£Á¥·¥êŽ°¥º13mm (£³.£°)
629,00010362,¥¹¥¤¥Ã¥È£Á¥·¥êŽ°¥º13mm (£³.£µ)
630,00010363,¥¹¥¤¥Ã¥È£Á¥·¥êŽ°¥º13mm (£´.£°)
631,00010364,¥¹¥¤¥Ã¥È£Á¥·¥êŽ°¥º13mm (£´.£µ)
632,00010365,¥¹¥¤¥Ã¥È£Á¥·¥êŽ°¥º13mm (£µ.£°)
633,00010366,¥¹¥¤¥Ã¥È£Á¥·¥êŽ°¥º13mm (£µ.£µ)
634,00010367,¥¹¥¤¥Ã¥È£Á¥·¥êŽ°¥º13mm (£¶.£°)
635,00010368,¥¹¥¤¥Ã¥È£Á¥·¥êŽ°¥º13mm (£¶.£µ)
636,00010369,¥¹¥¤¥Ã¥È£Á¥·¥êŽ°¥º13mm (£·.£°)
637,00010370,¥¹¥¤¥Ã¥È£Á¥·¥êŽ°¥º13mm (£·.£µ)
638,00010371,¥¹¥¤¥Ã¥È£Á¥·¥êŽ°¥º13mm (£¸.£°)
639,00010380,¥¹¥¤¥Ã¥ÈFV¥·¥ê¡¼¥º
640,00010400,¥¹¥¤¥Ã¥ÈLT30    ÂçÊØ´ïŽÛŽ°ŽÀŽÝŽ¸ÍÑ
641,00010401,¥¹¥¤¥Ã¥ÈLT50    ÂçÊØ´ïŽÛŽ°ŽÀŽÝŽ¸ÍÑ
642,00010420,¥¹¥¤¥Ã¥ÈHA2 13mm
643,00010440,¥¹¥¤¥Ã¥ÈHA2 19mm
644,00010460,¥¹¥¤¥Ã¥ÈHB2 13mm
645,00010480,¥¹¥¤¥Ã¥ÈHB2 19mm
646,00010500,¥¹¥¤¥Ã¥ÈHR2 13mm(T)
648,00010520,¥¹¥¤¥Ã¥ÈFKS(240mm)£Á£Ï£·£µ£´¡Ý£²£´£°
649,00010521,¥¹¥¤¥Ã¥ÈFKM(300mm)£Ð£Á£±£¸£Á-£·£¶X£³
650,00010522,¥¹¥¤¥Ã¥ÈFKL(400mm)£Ð£Á£±£¸£Á-£·£¶X£´
651,00010523,¥¹¥¤¥Ã¥ÈFKMS(300mm)£Ð£Á£²£¸£¶£Á-76X3
652,00010524,¥¹¥¤¥Ã¥ÈFKLS400mm£Á£Ï£·£µ£µ£Á£Í¡Ý400
653,00010525,£Ë£Ö£Ë(£Ð£Ú£Ë£²£´¡Ë
654,00010600,AB480ÍÑ½¸óÇŽÕŽÆŽ¯ŽÄÉ¸½à2¸ÄÆþ  AB-4C
655,00010601,AB480Ã¦½­ŽÌŽ¨ŽÙŽÀ-2¸ÄÆþ  AB-4F
656,00010602,AB480ÍÑËÜÂÎ
657,00010603,AB360ÍÑ½¸¿ÐŽÕŽÆŽ¯ŽÄ   AB-3C
658,00010604,AB360ÍÑÃ¦½­ŽÌŽ¨ŽÙŽÀ-  AB-3F
659,00011000,¥·¡¼¥È¥¯¥ê¡¼¥Ê¡¼ËÜÂÎ
660,00011001,¥·-¥È¥¯¥ê-¥Ê-ÍÑ¥«-¥È¥ê¥Ã¥¸
661,00011002,¥·¡¼¥È¥¯¥ê¡¼¥Ê¡¼Jr.ËÜÂÎ
662,00011003,Ž¼Ž°ŽÄŽ¸ŽØŽ°ŽÅŽ°Jr.ÍÑŽ¶Ž°ŽÄŽØŽ¯Ž¼ŽÞ
663,00011100,¥Ê¥Ô¡¼¥Ñ¥Ã¥¯ŽÎŽÙŽÀŽÞŽ° £Ð£È¡Ý£±£´£Â
664,00011101,¥Ê¥Ô¡¼¥Ñ¥Ã¥¯ŽÎŽÙŽÀŽÞŽ° £Ð£È¡Ý£±£´£Ç
665,00011102,¥Ê¥Ô¡¼¥Ñ¥Ã¥¯ŽÎŽÙŽÀŽÞŽ° £Ð£È¡Ý£±£´£É
666,00011103,¥Ê¥Ô¡¼¥Ñ¥Ã¥¯ŽÎŽÙŽÀŽÞŽ° £Ð£È¡Ý£±£´
667,00011104,¥Ê¥Ô¡¼¥Ñ¥Ã¥¯ŽÎŽÙŽÀŽÞŽ° £Ð£È¡Ý£²£¹
668,00011105,ŽÅŽËŽßŽ°ŽÊŽßŽ¯Ž¸ÂØ¤¨ÂÞ    £Ð£È¡Ý£Á£±£´
669,00011106,ŽÅŽËŽßŽ°ŽÊŽßŽ¯Ž¸ÂØ¤¨ÂÞ    £Ð£È¡Ý£Á£²£¹
670,00011107,ŽÁŽ¬Ž°ŽÑŽ·Ž¬ŽÝŽÃŽ¨ŽÎŽÙŽÀŽÞŽ°    £Ð£È¡Ý£±£²
671,00011108,ŽÁŽ¬Ž°ŽÑŽ·Ž¬ŽÝŽÃŽ¨BOX      £Ð£È¡Ý£²£±
672,00011109,ŽÁŽ¬Ž°ŽÑŽ·Ž¬ŽÝŽÃŽ¨BOX      £Ð£È¡Ý£²£²
673,00011200,ŽÀŽÞŽ°ŽÄŽÙŽÏŽ¯ŽÄ(Ž´Ž¸Ž¾ŽÙ)¹õ    DM-EX-BL
674,00011201,ŽÀŽÞŽ°ŽÄŽÙŽÏŽ¯ŽÄ(Ž´Ž¸Ž¾ŽÙ)Ãã    DM-EX-BR
675,00011202,ŽÀŽÞŽ°ŽÄŽÙŽÏŽ¯ŽÄ(Ž¶Ž½ŽÀŽÑ)¹õ    DM-CS-BL
676,00011203,ŽÀŽÞŽ°ŽÄŽÙŽÏŽ¯ŽÄ(Ž¶Ž½ŽÀŽÑ)Ãã    DM-CS-BR
677,00011204,ŽÀŽÞŽ°ŽÄŽÙ¼èÂØŽÏŽ¯ŽÄ(²«)    DMT-MZ-01
678,00011205,ŽÀŽÞŽ°ŽÄŽÙ¼èÂØŽÏŽ¯ŽÄ(ÎÐ)    DMT-MZ-02
679,00011206,ŽÀŽÞŽ°ŽÄŽÙ¼èÂØŽÏŽ¯ŽÄ(Ãã)    DMT-DI-01
680,00011207,ŽÀŽÞŽ°ŽÄŽÙ¼èÂØŽÏŽ¯ŽÄ(Ž¸ŽÞŽÚŽ°)  DMT-DI-02
681,00011208,ŽÀŽÞŽ°ŽÄŽÙ¼èÂØŽÏŽ¯ŽÄ(Ž¸ŽÞŽÚŽ°)  DMT-MB-01
682,00011209,ŽÀŽÞŽ°ŽÄŽÙ¼èÂØŽÏŽ¯ŽÄ(ÎÐ)    DMT-MB-02
683,00011210,ŽÀŽÞŽ°ŽÄŽÙ¼èÂØŽÏŽ¯ŽÄ(²«)    DMT-MB-03
684,00011211,ŽÀŽÞŽ°ŽÄŽÙ¼èÂØŽÏŽ¯ŽÄ(ŽÍŽÞŽ°Ž¼ŽÞŽ­)DMT-MB-04
685,00011212,ŽÀŽÞŽ°ŽÄŽÙ¼èÂØŽÏŽ¯ŽÄ(¹õ)    DMT-JP-01
686,00011213,ŽÀŽÞŽ°ŽÄŽÙ¼èÂØŽÏŽ¯ŽÄ(ŽÍŽÞŽ°Ž¼ŽÞŽ­)DMT-JP-02
687,00011214,Çö·¿A¥Þ¥Ã¥È
688,00011215,ŽÀŽÞŽ°ŽÄŽÙŽÏŽ¯ŽÄ(ŽÎŽßŽËŽßŽ­Ž×Ž°)Ž¸ŽÞŽÚŽ°DM-PP-Ž¸ŽÞŽÚŽ°
689,00011216,ŽÀŽÞŽ°ŽÄŽÙŽÏŽ¯ŽÄ(ŽÎŽßŽËŽßŽ­Ž×Ž°)ŽÍŽÞŽ°Ž¼ŽÞŽ­DM-PP-ŽÍŽÞŽ°Ž¼ŽÞŽ­
690,00011217,ŽÀŽÞŽ°ŽÄŽÙŽÏŽ¯ŽÄ(ÍÎ¼°)Ž¸ŽÞŽÚŽ°   DM-WT-Ž¸ŽÞŽÚŽ°
691,00011218,ŽÀŽÞŽ°ŽÄŽÙŽÏŽ¯ŽÄ(ÍÎ¼°)ŽÍŽÞŽ°Ž¼ŽÞŽ­ DM-WT-ŽÍŽÞŽ°Ž¼ŽÞŽ­
692,00011300,ŽÍŽßŽ°ŽÊŽßŽ°ŽÀŽµŽÙ¥¨¥³¥Î¥ßŽ° PT-EC
693,00011301,ŽÍŽßŽ°ŽÊŽßŽ°ŽÀŽµŽÙ¥Õ¥ì¥ó¥É PT-FR
694,00011302,ŽÍŽßŽ°ŽÊŽßŽ°ŽÀŽµŽÙ¥Û¥ë¥ÀŽ° EC-1
695,00011303,¶ÈÌ³ÍÑŽÄŽ²ŽÚŽ¯ŽÄŽÍŽßŽ°ŽÊŽßŽ°   £Ê¡Ý£²£´£°
696,00011304,J-240ÍÑŽÍŽßŽ°ŽÊŽßŽ°ŽÎŽÙŽÀŽÞŽ°  D-3500(Ž¶Ž·ŽÞÉÕ)
697,00011305,J-240ÍÑŽÍŽßŽ°ŽÊŽßŽ°ŽÎŽÙŽÀŽÞŽ°  D-3600(Ž¶Ž·ŽÞÌµ)
698,00011306,ÊØºÂ¥·¡¼¥È
699,00011307,J-3000ÍÑŽ·Ž¬ŽËŽÞŽÈŽ¯ŽÄ     D-5600
700,00011308,¥·-¥È¥¯¥ê-¥Ê-ÍÑ¥ï¥ó¥¿¥Ã¥Á¥Î¥º¥ë
701,00011309,¥·-¥È¥¯¥ê-¥Ê-»ÈÍÑË¡¥·¡¼¥ë
702,00011310,¥·-¥È¥¯¥ê-¥Ê-£Ð£Õ£Ó£È¥·-¥ë
703,00011311,¥Ú¡Ý¥Ñ¡Ý¥Û¥ë¥À- ¥á¥ë¥Ü¥¢
704,00011320,ŽÄŽ²ŽÚŽ¯ŽÄŽÍŽßŽ°ŽÊŽßŽ° Ž¸ŽÞŽØŽ°ŽÝŽÒŽ¶ŽÞŽÛ 4ŽÛŽ°ŽÙ
705,00011321,¥³¥¢¥Õ¥ê¡¼¥½¥Õ¥È£±£³£°£Í£¶£Ò
706,00011322,¥È¥¤¥ì¥Ã¥È¥Ú¡¼¥Ñ¡¼¥Ó¥¯¥È¥ê¡¼
707,00011336,¥Ú¡¼¥Ñ¡¼¥¿¥ª¥ë¥ï¥ó¥À¥Õ¥ë
708,00011337,ŽÍŽßŽ°ŽÊŽßŽ°ŽÀŽµŽÙŽ¸ŽØŽ°ŽÝŽÃŽ¯Ž¸Ž½200
709,00011338,ŽÄŽ°ŽÖŽ°Ž¸ŽØŽ°ŽÝŽÃŽ¯Ž¸Ž½Ž´ŽºŽÉŽÐŽ°Çò 170*220
710,00011350,ŽÃŽ×ŽÓŽÄŽ´ŽºŽ×Ž°Ž¸ŽÞ24CM £±£°ËçÆþ¤ê
711,00011400,¥¨¥¢¡¼¥¿¥ª¥ë      SB-1400
712,00011401,¥¸¥§¥Ã¥È¥¿¥ª¥ëJT-SB116EH
713,00011402,¥¸¥§¥Ã¥È¥¿¥ª¥ëJT-16C-WM
714,00011403,¥¸¥§¥Ã¥È¥¿¥ª¥ëJT-16C-BM
715,00011404,Ž¼ŽÞŽªŽ¯ŽÄŽÀŽµŽÙŽ½ŽÀŽÝŽÄŽÞ     JP-C24FS-W
716,00011405,Ž¼ŽÞŽªŽ¯ŽÄŽÀŽµŽÙŽ½ŽÀŽÝŽÄŽÞ     JP-C24FS-B
717,00011406,¥¸¥§¥Ã¥È¥¿¥ª¥ëJR-MC15A
718,00011407,Ž¼ŽÞŽªŽ¯ŽÄŽÀŽµŽÙ ŽÐŽÆ ŽÚŽÝŽÀŽÙÍÑ£Ê£Ò-£Í£Ã£±£°£·£Å
719,00011408,Ž¼ŽÞŽªŽ¯ŽÄŽÀŽµŽÙ ŽÐŽÆ ¡¡¡¡¡¡£Ê£Ô-£Í£Ã£±£±£°£Ã
720,00011409,Ž¼ŽÞŽªŽ¯ŽÄŽÀŽµŽÙ Ž½ŽØŽÑ100V  £Ê£Ô-£±£±£¶£Ã£´
721,00011410,Ž¼ŽÞŽªŽ¯ŽÄŽÀŽµŽÙ Ž½ŽØŽÑ200V  £Ê£Ô-£²£±£¶£Ã£Ó£´
722,00011411,Ž¼ŽÞŽªŽ¯ŽÄŽÀŽµŽÙ MC100ÍÑŽÄŽÞŽÚŽÝŽÀŽÝŽ¸ M-45631804
723,00011412,Ž¼ŽÞŽªŽ¯ŽÄŽÀŽµŽÙ Ž½ŽÀŽÝŽÄŽÞ    £Ê£Ð-£Ã£²£´£Æ£Ó-£×
724,00011413,Ž¼ŽÞŽªŽ¯ŽÄŽÀŽµŽÙ ŽËŽ°ŽÄŽ½ŽÀŽÝŽÄŽÞ £Ê£Ð-110£È£Ó£²-£×
725,00011414,Ž¼ŽÞŽªŽ¯ŽÄŽÀŽµŽÙ ¼«Æ°ŽÄŽÞŽ±Ï¢·ë²óÏ©ŽÎŽÞŽ¯Ž¸Ž½
726,00011415,¥¸¥§¥Ã¥È¥¿¥ª¥ë JT-SB116GN
727,00011416,¥¸¥§¥Ã¥È¥¿¥ª¥ë£Ê£Ô¡Ý£Ó£Â£±£±£¶£Ç£Î
728,00011450,¥Õ¥é¥¤¥Ñ¥È¥í¡¼¥ë¥»¥Ã¥È
729,00011470,¥Õ¥é¥¤¥Ñ¥È¥í¡¼¥ë ¥«¡¼¥È¥ê¥Ã¥¸
730,00011471,¥Õ¥é¥¤¥Ñ¥È¥í¡¼¥ë ¥é¥ó¥×
731,00011500,ºÒ³²¡¦Èó¾ïÍÑ¥¯¥¤¥ó¥È¥¤¥ì
732,00011501,¥¯¥¤¥ó¥­¡¼¥Ñ¡¼ËÜÂÎ£ÑK-2
733,00011502,¥¯¥¤¥ó¥­¡¼¥Ñ¡¼ËÜÂÎ£ÑK-1
734,00011503,¥¯¥¤¥ó¥­¡¼¥Ñ¡¼¸°  £ÑK-G
735,00011504,¥¯¥¤¥ó¥­¡¼¥Ñ¡¼Ï¶  £ÑK-K
736,00011600,¥¢¥×¥ê¥±¡¼¥¿¥Ö¥é¥·
737,00011601,¤¹¤ß¤Ã¤³ŽÌŽÞŽ×Ž¼
738,00011602,¥»¥é¥ß¥Ã¥¯¥ì¥Ð¡¼
739,00011700,¥á¥ë¥È¥é¡¼¥¼£Ñ  200G
740,00011701,¥Ö¥ë¡¼¥¯¥í¥Ã¥È20G
741,00011702,·àÊª¥È¥é¥Ã¥·¥å£Á¡¡PC-101
742,00011703,¥È¥¤¥ì¥¯¥ê¡¼¥óPC-102
743,00011704,·àÊª¥Ñ¥¤¥×¥¯¡¼¥ëPC-105
744,00011705,¿å¹¤ÇíÎ¥¥Ô¥å¡¼¥ß¡¼PC-115
745,00011706,¥á¥ë¥È¥é¡¼¥¼£Ñ¥ß¥Ë 40GX10ÂÞ
746,00011707,¥¢¥ë¥µ¥ï¡¼17L
747,00011708,¥¢¥ë¥µ¥ï¡¼4L
748,00011709,¥¢¥ë¥µ¥ï¡¼1L
749,00011710,¥ê¥ó¥À ¥¢¥ë¥Ñ¥¹
750,00011711,¥ê¥ó¥À ¥ª¥¤¥ë¥ÈŽ°¥ë10L L-O­µL
751,00011712,¥æŽ°¥ÛŽ°¥µ¥é¥¯¥ê¥ó UH-SA18L
752,00011713,·àÊª»¦ÃîŽÌŽßŽÚŽ°ŽÄ   DDVP
753,00011714,¥ª¥¤¥ë¥­¥ã¥Ã¥Á¥ó¥°¥·¡¼¥È
754,00011715,¥ê¥ó¥À ¥Þ¥Ã¥¯¥¹¥Ñ¥ïŽ°¥¢¥ë¥Õ¥¡Ž° 18KG
755,00011716,¥ê¥ó¥À ¥×¥í¥³Ž°¥È­·  18KG
756,00011717,¥æŽ°¥ÛŽ°ÊÉÀöºÞ    18L
757,00011718,¥æŽ°¥ÛŽ°¥«Ž°¥Ú¥Ã¥È¥·¥ã¥ó¥×Ž°(10L¡ß2)
758,00011719,¥æŽ°¥ÛŽ°¥µ¥ïŽ°18K UH-SO
759,00011720,¥³Ž°¥Æ¥£¥ó¥°ºÞ¡Ö¥¢¥á¥Ë¥Æ¥£¥³Ž°¥ÈA¡×
760,00011721,¥ê¥ó¥À ¥·¥ë¥ÐŽ°N  20KG
761,00011722,¥ê¥ó¥À ¥·¥ë¥ÐŽ°ÇÓ¿åÃæÏÂºÞ 5KG¡ß4Æþ
762,00011723,¥ê¥ó¥À ¾ÃË¢ºÞŽÉŽ±Ž²Ž¯ŽÄ 15Æþ EL-500
763,00011724,¥ê¥ó¥À ¥Î¥¢¥¤¥Ã¥È¥¹Ž°¥ÑŽ°30 10Æþ
764,00011725,¥ê¥ó¥À ¥¨¥³¥¯¥êŽ°¥ó  PS-1
765,00011726,¥ê¥ó¥À ¥¨¥³¥¯¥êŽ°¥ó  OH30
766,00011727,¥ê¥ó¥À ¥é¥¹¥ÈŽ°¥ë7 20Kg
767,00011728,¥Î¥¢¥¤¥Ã¥ÈKO-100-K17kg
768,00011729,ÆÇ·àÊª¥«¥»¥¤¥½Ž°¥À  ŽÌŽÚŽ°Ž¸25K
769,00011730,±ð¥ß¥¯¥í¥¹(2Æþ)W
770,00011731,±ð¥ß¥¯¥í¥¹(2Æþ)B
771,00011732,¥ê¥ó¥À ¥Ë¥åŽ°¥Ð¥¹¥¯¥êŽ°¥ÊŽ°  18L
772,00011733,ŽÊŽÝŽÄŽÞŽ¿Ž°ŽÌŽß500MLŽÌŽÛŽ°Ž×ŽÙHS-B2
773,00011734,ŽÊŽÝŽÄŽÞŽ¿Ž°ŽÌŽß500MLŽÐŽÝŽÄ  HS-B2
774,00011735,¥æ-¥Û- ¿åÀÐ¸´¥ì¥â¥ó 18KG
775,00011736,¥ê¥ó¥À¿åÀÐ¸´     £±£¸£Ë£ç
776,00011737,¸Ç·ÁÀÐ¸´80g Ž±ŽÙŽÎŽÞŽ°Ž½GÀÐ¸´
777,00011738,¥â¥¤¥¹¥Á¥ãŽ°¥½Ž°¥×MS-18L
778,00011739,ARŽÓŽ²Ž½ŽÁŽ¬Ž°Ž¿Ž°ŽÌŽß4KG ARMS4
779,00011740,Ž½ŽºŽ¯ŽÄŽ¼ŽÞŽªŽÝŽÄŽÙŽÛŽ°Ž¼Ž®ŽÝ   S-GR 800ML
780,00011741,¥Ï¥ó¥É¥½¡¼¥×£Ç£Ì 500Ml
781,00011742,¥Á¥ã¥¤¥Ê¥¦¥§¥¢Ž°  MB-1
782,00011743,¥ï¥ó¥¿¥Ã¥ÁCL2.5KG¡ß4  OT-CL
783,00011744,¥ê¥ó¥À ¥¬¥é¥¹¥¯¥êŽ°¥ÊC¡õC
784,00011745,ÁÆÌÜ¸¦ËáÉÛŽ¢ŽÎŽßŽØŽÈŽ¯ŽÄŽ¼Ž°ŽÄŽ£120
785,00011746,¿å¹¤¥¯¥ê¡¼¥Ê¡¼£Ä£Ï£Ò£Ï 450g
786,00011747,¥ê¥ó¥À¥°¥ê¥é¡¼ 10Kg
787,00011748,¥ê¥ó¥À¥°¥ê¥é¡¼ £²£°£Ë£ç
788,00011749,ÁÆÌÜ¸¦ËáÉÛŽ¢ŽÎŽßŽØŽÈŽ¯ŽÄŽ¼Ž°ŽÄŽ£
789,00011750,·àÊª¥È¥é¥Ã¥·¥å£Á10L¡¡PC101-10
790,00011751,ÃæÀ­ÀöºÞ¥Ê¥Á¥å¥é¥ë¥¦¥ª¥Ã¥·¥å
791,00011752,¥Ê¥Á¥å¥é¥ë¥¦¥©¥Ã¥·¥å¦Á
792,00011753,¥¢¥ë¥Ü¡¼¥¹ÀÐ¸´±ÕG-N 4Kg¡ß4
793,00011754,»¦Ãî¥×¥ì¡¼¥È
794,00011756,¥¢¥é¥¤¥Ã¥× £µ£°£°mL
795,00011757,¥Ë¥å¡¼¥¢¥ë¥µ¥¯¥¿¡¼¡¡¡¡1.2£Ë£ç
796,00012000,EV¥Ç¥£¥¹¥Ú¥ó¥µŽ°  SD-5
797,00012001,EV¥Ç¥£¥¹¥Ú¥ó¥µŽ°  SD-10
798,00012002,EV¥Ç¥£¥¹¥Ú¥ó¥µŽ°  SD-15
799,00012003,EV¥Ç¥£¥¹¥Ú¥ó¥µŽ°  SD-20
800,00012004,EV¥Ç¥£¥¹¥Ú¥ó¥µŽ°  SD-30
801,00020000,ŽÀŽÞŽØŽ±Ž¶ŽÊŽÞŽ°¡¡£Ä£±£Ã(ŽÎŽÜŽ²ŽÄ)
802,00020001,ŽÀŽÞŽØŽ±Ž¶ŽÊŽÞŽ°¡¡£Ä£²£Ã(Ž±Ž²ŽÎŽÞŽØŽ°)
803,00020002,ŽÀŽÞŽØŽ±Ž¶ŽÊŽÞŽ°¡¡£Ä£³£Ã(ŽÌŽÞŽÙŽ°)
804,00020003,ŽÀŽÞŽØŽ±Ž¶ŽÊŽÞŽ°¡¡£Ä£µ£Ã(ŽÌŽÞŽ×Ž¯Ž¸)
805,00020004,ŽÀŽÞŽØŽ±Ž¶ŽÊŽÞŽ°¡¡£Ä£¶£Ã(Ž¸ŽØŽ½ŽÀŽÙ)
806,00020005,ŽÀŽÞŽØŽ±Ž¶ŽÊŽÞŽ°¡¡£Ä£´£Ã(ŽËŽßŽÝŽ¸)
807,00020006,ŽÀŽÞŽØŽ±Ž¶ŽÊŽÞŽ°¡¡£Ä£·£Ã(Ž¸ŽÞŽØŽ°ŽÝ)
808,00020010,ŽÀŽÞŽØŽ±ŽÍŽÞŽ°Ž½¡¡£Æ£±£Â(ŽÎŽÜŽ²ŽÄ)
809,00020011,ŽÀŽÞŽØŽ±ŽÍŽÞŽ°Ž½¡¡£Æ£±£Ã£Â(Ž¸ŽØŽ½ŽÀŽÙŽÍŽÞŽ°Ž½)
810,00020012,ŽÀŽÞŽØŽ±ŽÍŽÞŽ°Ž½¡¡£Æ£·£Â(Ž½Ž¸Ž°ŽÙŽÀŽ²ŽÌŽß)
811,00020020,ŽÀŽÞŽØŽ±ŽÍŽÞŽ°Ž½  £Ä£±£Â(ŽÎŽÜŽ²ŽÄ)
812,00020021,ŽÀŽÞŽØŽ±ŽÍŽÞŽ°Ž½  £Ä£²£Â(Ž±Ž²ŽÎŽÞŽØŽ°)
813,00020022,ŽÀŽÞŽØŽ±ŽÍŽÞŽ°Ž½  £Ä£³£Â(ŽÌŽÞŽÙŽ°)
814,00020023,ŽÀŽÞŽØŽ±ŽÍŽÞŽ°Ž½  £Ä£´£Â(ŽËŽßŽÝŽ¸)
815,00020024,ŽÀŽÞŽØŽ±ŽÍŽÞŽ°Ž½  £Ä£µ£Â(ŽÌŽÞŽ×Ž¯Ž¸)
816,00020025,ŽÀŽÞŽØŽ±ŽÍŽÞŽ°Ž½  £Ä£¶£Â(Ž¸ŽØŽ½ŽÀŽÙ)
817,00020026,ŽÀŽÞŽØŽ±ŽÍŽÞŽ°Ž½  £Õ£±£Â(ŽÎŽÜŽ²ŽÄ)
818,00020027,ŽÀŽÞŽØŽ±ŽÍŽÞŽ°Ž½  £Õ£²£Â(Ž±Ž²ŽÎŽÞŽØŽ°)
819,00020028,ŽÀŽÞŽØŽ±ŽÍŽÞŽ°Ž½  £Õ£³£Â(ŽÌŽÞŽÙŽ°)
820,00020029,ŽÀŽÞŽØŽ±ŽÍŽÞŽ°Ž½  £Õ£µ£Â(ŽÌŽÞŽ×Ž¯Ž¸)
821,00020030,ŽÀŽÞŽØŽ±ŽÍŽÞŽ°Ž½  £Õ£¶£Â(Ž¸ŽØŽ½ŽÀŽÙ)
822,00020031,ŽÀŽÞŽØŽ±ŽÍŽÞŽ°Ž½  £Õ£´£Â(ŽËŽßŽÝŽ¸)
823,00020032,ŽÀŽÞŽØŽ±ŽÍŽÞŽ°Ž½¡¡£Õ£·£Â(Ž¸ŽÞŽØŽ°ŽÝ)
824,00020040,ŽÀŽÞŽØŽ±ÌôºÞ  £Ä£Ó£³
825,00020041,ŽÀŽÞŽØŽ±ÌôºÞ¡¡£Ä£Ó£µ
826,00020042,ŽÀŽÞŽØŽ±ÌôºÞ¡¡£Ä£Ó£·
827,00020043,ŽÀŽÞŽØŽ±ÌôºÞ¡¡£Ä£Ö£³
828,00020044,ŽÀŽÞŽØŽ±ÌôºÞ¡¡£Ä£Ö£µ
829,00020045,ŽÀŽÞŽØŽ±ÌôºÞ¡¡£Ä£Ö£·
830,00020046,ŽÀŽÞŽØŽ±ÌôºÞ  £Ä£Æ£µ
831,00020047,ŽÀŽÞŽØŽ±ÌôºÞ  £Ä£Æ£·
832,00020048,ŽÀŽÞŽØŽ±ÌôºÞ  £Ä£Ö£¸
833,00020049,ŽÀŽÞŽØŽ±ÌôºÞ¡¡£Ä£Æ£¸
834,00020050,ŽÀŽÞŽØŽ±ÌôºÞ¡¡£Ä£Ö£¹
835,00020051,ŽÀŽÞŽØŽ±ÌôºÞ¡¡£Ä£Æ£³
836,00020061,EŽÍŽßŽÚŽ¯ŽÄŽÀŽÞŽØŽ±Ž¶ŽÊŽÞŽ°(Çò)  £Ä£Å£Ã£×
837,00020062,EŽÍŽßŽÚŽ¯ŽÄŽÀŽÞŽØŽ±Ž¶ŽÊŽÞŽ°(ÀÄ)  £Ä£Å£Ã£Â
838,00020063,EŽÍŽßŽÚŽ¯ŽÄŽÀŽÞŽØŽ±Ž¶ŽÊŽÞŽ°(ÎÐ)  £Ä£Å£Ã£Ç
839,00020064,EŽÍŽßŽÚŽ¯ŽÄŽÀŽÞŽØŽ±Ž¶ŽÊŽÞŽ°(»ç)  £Ä£Å£Ã£Ö
840,00020071,EŽÍŽßŽÚŽ¯ŽÄŽÀŽÞŽØŽ±ŽÍŽÞŽ°Ž½(Çò)  £Ä£Å£Õ£×
841,00020072,EŽÍŽßŽÚŽ¯ŽÄŽÀŽÞŽØŽ±ŽÍŽÞŽ°Ž½(ÀÄ)  £Ä£Å£Õ£Â
842,00020073,EŽÍŽßŽÚŽ¯ŽÄŽÀŽÞŽØŽ±ŽÍŽÞŽ°Ž½(ÎÐ¡Ë £Ä£Å£Õ£Ç
843,00020074,EŽÍŽßŽÚŽ¯ŽÄŽÀŽÞŽØŽ±ŽÍŽÞŽ°Ž½(»ç)¡¡£Ä£Å£Õ£Ö
844,00020081,EŽÍŽßŽÚŽ¯ŽÄŽÀŽÞŽØŽ±ŽÍŽÞŽ°Ž½(Çò¡Ë £Ä£Å£Ó£×
845,00020082,EŽÍŽßŽÚŽ¯ŽÄŽÀŽÞŽØŽ±ŽÍŽÞŽ°Ž½(ÀÄ¡Ë £Ä£Å£Ó£Â
846,00020083,EŽÍŽßŽÚŽ¯ŽÄŽÀŽÞŽØŽ±ŽÍŽÞŽ°Ž½(ÎÐ¡Ë £Ä£Å£Ó£Ç
847,00020091,EŽÍŽßŽÚŽ¯ŽÄŽÀŽÞŽØŽ±ŽÍŽÞŽ°Ž½(Çò¡Ë £Ä£Å£Æ£×
848,00020092,EŽÍŽßŽÚŽ¯ŽÄŽÀŽÞŽØŽ±ŽÍŽÞŽ°Ž½(ÀÄ¡Ë £Ä£Å£Æ£Â
849,00020093,EŽÍŽßŽÚŽ¯ŽÄŽÀŽÞŽØŽ±ŽÍŽÞŽ°Ž½(ÎÐ¡Ë £Ä£Å£Æ£Ç
850,00020094,EŽÍŽßŽÚŽ¯ŽÄŽÀŽÞŽØŽ±ŽÍŽÞŽ°Ž½(»ç)  £Ä£Å£Æ£Ö
851,00020100,¥À¥ê¥¢¾®ÂÞ
852,00020101,¥½¥ì¥¤¥æ¾®ÂÞ
853,00020102,¼êÂÞ
854,00020103,ÀÄ¥Ó¥Ë¡¼¥ë
855,00020110,Ž¿ŽÚŽ²ŽÕŽ¶ŽÊŽÞŽ°  £Ó£±£Ã(ŽÎŽÜŽ²ŽÄ)
856,00020111,Ž¿ŽÚŽ²ŽÕŽ¶ŽÊŽÞŽ°  £Ó£²£Ã(Ž±Ž²ŽÎŽÞŽØŽ°)
857,00020112,Ž¿ŽÚŽ²ŽÕŽ¶ŽÊŽÞŽ°  £Ó£³£Ã(ŽÌŽÞŽÙŽ°)
858,00020113,Ž¿ŽÚŽ²ŽÕŽ¶ŽÊŽÞŽ°  £Ó£¶£Ã(Ž¸ŽØŽ½ŽÀŽÙ)
859,00020114,Ž¿ŽÚŽ²ŽÕŽ¶ŽÊŽÞŽ°¡¡£Ó£´£Ã(ŽËŽßŽÝŽ¸)
860,00020115,Ž¿ŽÚŽ²ŽÕŽ¶ŽÊŽÞŽ°¡¡£Ó£·£Ã(Ž¸ŽÞŽØŽ°ŽÝ)
861,00020121,EŽÍŽßŽÚŽ¯ŽÄŽ¿ŽÚŽ²ŽÕŽ¶ŽÊŽÞŽ°(Çò¡Ë £Ó£Å£Ã£×
862,00020122,EŽÍŽßŽÚŽ¯ŽÄŽ¿ŽÚŽ²ŽÕŽ¶ŽÊŽÞŽ°(ÀÄ¡Ë £Ó£Å£Ã£Â
863,00020123,EŽÍŽßŽÚŽ¯ŽÄŽ¿ŽÚŽ²ŽÕŽ¶ŽÊŽÞŽ°(ÎÐ¡Ë £Ó£Å£Ã£Ç
864,00020131,EŽÍŽßŽÚŽ¯ŽÄŽ¿ŽÚŽ²ŽÕŽÍŽÞŽ°Ž½(Çò¡Ë £Ó£Å­µ£×
865,00020132,EŽÍŽßŽÚŽ¯ŽÄŽ¿ŽÚŽ²ŽÕŽÍŽÞŽ°Ž½(ÀÄ¡Ë £Ó£Å­µ£Â
866,00020133,EŽÍŽßŽÚŽ¯ŽÄŽ¿ŽÚŽ²ŽÕŽÍŽÞŽ°Ž½(ÎÐ¡Ë £Ó£Å­µ£Ç
867,00020140,Ž¿ŽÚŽ²ŽÕŽÍŽÞŽ°Ž½  £Ó£±£Â(ŽÎŽÜŽ²ŽÄ)
868,00020141,Ž¿ŽÚŽ²ŽÕŽÍŽÞŽ°Ž½  £Ó£²£Â(Ž±Ž²ŽÎŽÞŽØŽ°)
869,00020142,Ž¿ŽÚŽ²ŽÕŽÍŽÞŽ°Ž½  £Ó£³£Â(ŽÌŽÞŽÙŽ°)
870,00020143,Ž¿ŽÚŽ²ŽÕŽÍŽÞŽ°Ž½  £Ó£´£Â(ŽËŽßŽÝŽ¸)
871,00020144,Ž¿ŽÚŽ²ŽÕŽÍŽÞŽ°Ž½  £Ó£¶£Â(Ž¸ŽØŽ½ŽÀŽÙ)
872,00020145,Ž¿ŽÚŽ²ŽÕŽÍŽÞŽ°Ž½  £Ó­¶­µ£Â(ŽÎŽÜŽ²ŽÄ)
873,00020146,Ž¿ŽÚŽ²ŽÕŽÍŽÞŽ°Ž½  £Ó­¶£²£Â(Ž±Ž²ŽÎŽÞŽØŽ°)
874,00020147,Ž¿ŽÚŽ²ŽÕŽÍŽÞŽ°Ž½  £Ó­¶£³£Â(ŽÌŽÞŽÙŽ°)
875,00020148,Ž¿ŽÚŽ²ŽÕŽÍŽÞŽ°Ž½  £Ó­¶£´£Â(ŽËŽßŽÝŽ¸)
876,00020149,Ž¿ŽÚŽ²ŽÕŽÍŽÞŽ°Ž½  £Ó­¶£¶£Â(Ž¸ŽØŽ½ŽÀŽÙ)
877,00020150,Ž¿ŽÚŽ²ŽÕŽÍŽÞŽ°Ž½¡¡£Ó­¶£·£Â(Ž¸ŽÞŽØŽ°ŽÝ)
878,00020151,Ž¿ŽÚŽ²ŽÕŽÍŽÞŽ°Ž½¡¡£Ó£·£Â(Ž¸ŽÞŽØŽ°ŽÝ)
879,00020160,Ž¿ŽÚŽ²ŽÕÌôºÞ  £Ó£Ó£É£³
880,00020161,Ž¿ŽÚŽ²ŽÕÌôºÞ  £Ó£Ó£É£µ
881,00020162,Ž¿ŽÚŽ²ŽÕÌôºÞ  £Ó£Ó£É£·
882,00020163,Ž¿ŽÚŽ²ŽÕÌôºÞ  £Ó£Ö£É£µ
883,00020164,Ž¿ŽÚŽ²ŽÕÌôºÞ  £Ó£Ó­¶£³
884,00020165,Ž¿ŽÚŽ²ŽÕÌôºÞ  £Ó£Ó­¶£µ
885,00020166,Ž¿ŽÚŽ²ŽÕÌôºÞ  £Ó£Ó­¶£·
886,00020167,Ž¿ŽÚŽ²ŽÕÌôºÞ  £Ó£Ö­¶£µ
887,00030000,¥»¥ó¥µ£Ø¡¡¥á¥¤¥ó´ðÈÄ¥æ¥Ë¥Ã¥È
888,00030001,¥»¥ó¥µ£Ø¡¡ÅÅ¸»´ðÈÄ¥æ¥Ë¥Ã¥È
889,00030002,¥»¥ó¥µ£Ø¡¡ÅÅ¼§ÊÛ¥æ¥Ë¥Ã¥È
890,00030003,¥»¥ó¥µ£Ø¡¡¿åÎ®¥æ¥Ë¥Ã¥È
891,00030004,¥»¥ó¥µ£Ø¡¡¥á¥¤¥ó´ðÈÄ
892,00030005,¥»¥ó¥µ£Ø¡¡ÅÅ¸»´ðÈÄ
893,00030006,¥»¥ó¥µ£Ø¡¡ÅÅÃÓ¥Ü¥Ã¥¯¥¹(Ì¤²Ã¹©)
894,00030007,¥»¥ó¥µ£Ø¡¡´¥ÅÅÃÓ¥±¡¼¥¹
895,00030008,¥»¥ó¥µ£Ø¡¡ÅÅÃÓÀÜÅÀ
896,00030009,¥»¥ó¥µ£Ø¡¡ÊÝ¸î¥¬¥é¥¹ÁÈÎ©
897,00030010,¥»¥ó¥µ£Ø¡¡ÊÝ¸î¥¬¥é¥¹¡ÊÌ¤²Ã¹©¡Ë
898,00030011,¥»¥ó¥µ£Ø¡¡¥±¡¼¥¹¡ÊŽÎŽÜŽ²ŽÄ¡Ë
899,00030012,¥»¥ó¥µ£Ø¡¡¥±¡¼¥¹¡ÊŽ±Ž²ŽÎŽÞŽØŽ°¡Ë
900,00030013,¥»¥ó¥µ£Ø¡¡¥«¥Ð¡¼(ŽÎŽÜŽ²ŽÄ)
901,00030014,¥»¥ó¥µ£Ø¡¡¥«¥Ð¡¼(Ž±Ž²ŽÎŽÞŽØ)
902,00030015,¥»¥ó¥µ£Ø¡¡¥Ù¡¼¥¹(ŽÎŽÜŽ²ŽÄ)
903,00030016,¥»¥ó¥µ£Ø¡¡¥Ù¡¼¥¹(Ž±Ž²ŽÎŽÞŽØ)
904,00030017,¥»¥ó¥µ£Ø¡¡¥»¥ó¥µ¡¼¥«¥Ð¡¼£Â
905,00030018,¥»¥ó¥µ£Ø¡¡£Ì£Å£Ä¥«¥Ð¡¼
906,00030019,¥»¥ó¥µ£Ø¡¡¿åÎ®¥±¡¼¥¹
907,00030020,¥»¥ó¥µ£Ø¡¡¿åÎ®¥×¥ì¡¼¥È
908,00030021,¥»¥ó¥µ£Ø¡¡¼´¼õ¤±¥×¥ì¡¼¥È
909,00030022,¥»¥ó¥µ£Ø¡¡¥¹¥¯¥ê¥å¥¦
910,00030023,¥»¥ó¥µ£Ø¡¡ÌÖ(¿åÎ®ŽÕŽÆŽ¯ŽÄÍÑ¡Ë
911,00030024,¥»¥ó¥µ£Ø¡¡ÌÖ£Â(ÅÅ¼§ÊÛÍÑ¡Ë
912,00030025,¥»¥ó¥µ£Ø¡¡ÌÖ£Ã(Ž½¥ÈŽÚŽÅ¡¾¡Ë
913,00030026,¥»¥ó¥µ£Ø¡¡¥Þ¥°¥Í¥Ã¥È
914,00030027,¥»¥ó¥µ£Ø¡¡¥·¥ã¡¼¥·£Â
915,00030028,¥»¥ó¥µ£Ø¡¡¥Ñ¥¤¥×£Á(ÅÅ¼§ÊÛŽÕŽÆŽ¯ŽÄÍÑ¡Ë
916,00030029,¥»¥ó¥µ£Ø¡¡¥Ñ¥¤¥×£Â(ÅÅ¼§ÊÛŽÕŽÆŽ¯ŽÄÍÑ¡Ë
917,00030030,¥»¥ó¥µ£Ø¡¡¼èÉÕ¥Ê¥Ã¥È
918,00030031,¥»¥ó¥µ£Ø¡¡£Ô£Ï£Ô£Ï¥Í¥¸
919,00030032,¥»¥ó¥µ£Ø¡¡£Ô£Ï£Ô£Ï¥ê¥ó¥°(OŽØŽÝŽ¸ŽÞŽÅŽ¼¡Ë
920,00030033,¥»¥ó¥µ£Ø¡¡£Ô£Ï£Ô£Ï¥ê¥ó¥°
921,00030034,¥»¥ó¥µ£Ø¡¡£É£Î£Á£Ø¥Í¥¸
922,00030035,¥»¥ó¥µ£Ø¡¡£É£Î£Á£Ø¥¹¥Ú¡¼¥µ¡¼
923,00030036,¥»¥ó¥µ£Ø¡¡ÁÈÎ©¥Í¥¸¥»¥Ã¥È
924,00030037,¥»¥ó¥µ£Ø¡¡£Ó£×¥·¡¼¥È
925,00030038,¥»¥ó¥µ£Ø¡¡ËÉ¿å¥·¡¼¥È¡Ê²Ã¹©ÉÊ¡Ë
926,00030039,¥»¥ó¥µ£Ø¡¡£Ï¥ê¥ó¥°(0124)¿åÎ®ŽÕŽÆŽ¯ŽÄÃæ
927,00030040,¥»¥ó¥µ£Ø¡¡£Ï¥ê¥ó¥°(0022)¿åÎ®ŽÕŽÆŽ¯ŽÄ¾å
928,00030041,¥»¥ó¥µ£Ø¡¡£Ï¥ê¥ó¥°(0128)TOTOŽØŽÝŽ¸ŽÞ
929,00030042,¥»¥ó¥µ£Ø¡¡¥Ñ¥Ã¥­¥ó£Â(¿åÎ®ŽÕŽÆŽ¯ŽÄÍÑ¡Ë
930,00030043,4 ¥ó¥µ£Ø¡¡¥Ñ¥Ã¥­¥ó(ÅÅ¼§ÊÛŽÕŽÆŽ¯ŽÄÍÑ¡Ë
931,00030044,¥»¥ó¥µ£Ø¡¡¥Ô¥ó
932,00030045,¥»¥ó¥µ£Ø¡¡¥Ý¥êÂÞNo.1
933,00030046,¥»¥ó¥µ£Ø¡¡¥Ý¥êÂÞNo.15
934,00030047,¥»¥ó¥µ£Ø¡¡¥­¥ã¥Ã¥×¥·¡¼¥ë
935,00030048,¥»¥ó¥µ£Ø¡¡Äê³Ê¥é¥Ù¥ëTOTO
936,00030049,¥»¥ó¥µ£Ø¡¡Äê³Ê¥é¥Ù¥ëINAX
937,00030050,¥»¥ó¥µ£Ø¡¡¥á¡¼¥«¡¼¥é¥Ù¥ëTOTO
938,00030051,¥»¥ó¥µ£Ø¡¡¥á¡¼¥«¡¼¥é¥Ù¥ëINAX
939,00030052,¥»¥ó¥µ£Ø¡¡ÅÅÃÓ¥·¡¼¥È
940,00030053,¥»¥ó¥µ£Ø¡¡ËÉ¿å¥¹¥Ý¥ó¥¸
941,00030054,¥»¥ó¥µ£Ø¡¡´ðÈÄËÉ¿å¥·¡¼¥È
942,00030055,¥»¥ó¥µ£Ø¡¡ÀâÌÀ½ñ
943,00030056,¥»¥ó¥µ£Ø¡¡À¸´ðÈÄ
944,00030057,¥»¥ó¥µ£Ø¡¡ÅÅ»Ò¥Ñ¡¼¥Ä
945,00030058,¥»¥ó¥µ£Ø¡¡£Ô£Ì£°£¶£´£´£Ã£Î£Ó
946,00030059,¥»¥ó¥µ£Ø¡¡£Ë£Ó£Ó£°£¸£Ó
947,00030060,¥»¥ó¥µ£Ø¡¡£Ð£Å£Ã¡Ý£±
948,00030061,¥»¥ó¥µ£Ø¡¡£Ð£Å£Ã¡Ý£²
949,00030062,¥»¥ó¥µ£Ø¡¡£Ð£Å£Ã¡Ý£³
950,00030063,¥»¥ó¥µ£Ø¡¡£Â£³£×£´£°£°£°
951,00030064,¥»¥ó¥µ£Ø¡¡Ã¦ÍîËÉ»ß¥Í¥¸
952,00030065,¥»¥ó¥µ£Ø¡¡¥Ï¥¤¥ó¥É(Ž¹Ž°Ž½Á°»ß¡Ë
953,00030066,¥»¥ó¥µ£Ø¡¡¥»¥à¥¹£Á(ÅÅ¼§ÊÛŽÕŽÆŽ¯ŽÄ»ß¡Ë
954,00030067,¥»¥ó¥µ£Ø¡¡¥»¥à¥¹£Â(Ž½Ž×Ž²ŽÄŽÞÉô¡Ë
955,00030068,¥»¥ó¥µ£Ø¡¡¥»¥à¥¹£Ã(X¼èÉÕ¡Ë
956,00030069,¥»¥ó¥µ£Ø¡¡¥¿¥Ã¥Ô¥ó¥Í¥¸(´ðÈÄ»ß¡Ë
957,00030070,¥»¥ó¥µ£Ø¡¡¥«¥Ð¡¼(ŽÜŽ²ŽÝŽÚŽ¯ŽÄ)
958,00030071,¥»¥ó¥µ£Ø¡¡¥«¥Ð¡¼(Ž·Ž¬ŽÝŽÃŽÞŽ¨Ž²Ž´ŽÛŽ°)
959,00030072,¥»¥ó¥µ£Ø¡¡¥«¥Ð¡¼(ŽÌŽÞŽØŽØŽ±ŽÝŽÄŽÌŽÞŽÙŽ°)
960,00030073,¥»¥ó¥µ£Ø¡¡¥«¥Ð¡¼(Ž¸ŽÞŽØŽ°ŽÝ)
961,00030074,¥»¥ó¥µ£Ø¡¡¥«¥Ð¡¼¡ÊŽÌŽÞŽ×Ž³ŽÝ)
962,00030075,¥»¥ó¥µ£Ø¡¡¥«¥Ð¡¼¡ÊŽÌŽÞŽ×Ž¯Ž¸)
963,00030200,¥Ô¥Ô¥»¥ó¥µXÍÑ ¥¿¥ó¥¯¥É¥é¥¤¥ÐŽ°
964,00030201,¿å°µÂ¬Äê´ïTOTO¡¡Â¬Äê´ïFP-T
965,00030202,¿å°µÂ¬Äê´ïINAX¡¡Â¬Äê´ïFP-N
967,00030301,¥»¥ó¥µ£Ñ¡¡³°ÁõŽ¹Ž°Ž½ÁÈÎ©
968,00030302,¥»¥ó¥µ£Ñ¡¡Î¢ÈÄ
969,00030303,¥»¥ó¥µ£Ñ¡¡Î¢ÈÄÁÈÎ©
970,00030304,¥»¥ó¥µ£Ñ¡¡ÅÅ¼§ÊÛÁÈÎ©
971,00030400,À¶Î®¡¡ÅÅ¼§ÊÛ¥æ¥Ë¥Ã¥È
972,00030401,À¶Î®¡¡¿åÀò¥«¥é¥óÉô(Ž½ŽÀŽÝŽÀŽÞŽ°ŽÄŽÞ¡Ë
973,00030402,À¶Î®¡¡¿åÀò¥«¥é¥óÉô(¼óÄ¹¡Ë
974,00030403,À¶Î®¡¡¿åÀò¥«¥é¥óÉô¾åŽ¹Ž°Ž½(Ž½ŽÀŽÝ¡Ë
975,00030404,À¶Î®¡¡¿åÀò¥«¥é¥óÉô¾åŽ¹Ž°Ž½(¼óÄ¹¡Ë
976,00030405,À¶Î®¡¡¥Ù¥ó¥ê¡¼¥«¥ó¥»¥Ã¥È(300)
977,00030500,¤µ¤Ü¤ó¤Ê¡¡¾å¥±¡¼¥¹ÁÈÎ©(ÅÅ¼§ÊÛŽ¾Ž¯ŽÄ¡Ë
978,00030501,¤µ¤Ü¤ó¤Ê¡¡²¼¥±¡¼¥¹ÁÈÎ©(´ðÈÄŽ¾Ž¯ŽÄ¡Ë
979,00030502,¤µ¤Ü¤ó¤Ê¡¡¾å¥±¡¼¥¹(ÍÆ´ïÉÕ¤­¡Ë
980,00030503,¤µ¤Ü¤ó¤Ê¡¡²¼¥±¡¼¥¹
981,00030504,¤µ¤Ü¤ó¤Ê¡¡ÅÅ¼§ÊÛ
982,00030600,¥á¥«¥»¥Ã¥È          £Â£Á¡Ý£Í£Ó
983,00030601,¥á¥ó¥Ö¥ì¥ó£Î£ï.£²È¢¤Ê¤·
984,00030602,¥á¥ó¥Ö¥ì¥ó¾®ÂÞ(Ë§¹áºÞŽ×ŽÐŽÈŽ°ŽÄÂÞ)
985,00030603,¥á¥ó¥Ö¥ì¥ó£Î£ï.£±¸ÄÈ¢
986,00030604,¥á¥ó¥Ö¥ì¥ó£Î£ï.£²¸ÄÈ¢
987,00030605,¥á¥ó¥Ö¥ì¥ó£Î£ï.£µ¸ÄÈ¢
988,00030606,¥á¥ó¥Ö¥ì¥ó£Â£Ï£Ø¸ÄÈ¢
989,00030607,¥á¥ó¥Ö¥ì¥ó£±£°¸ÄÈ¢
990,00030608,¥á¥ó¥Ö¥ì¥ó£±£²¸ÄÈ¢
991,00030609,¥á¥ó¥Ö¥ì¥ó£¶£°¸ÄÈ¢
992,00030610,¥à¥Ã¥·¥å¸ÄÈ¢
993,00030611,¥Ü¥ó¥Ü¥¢ÍÑ¥Ù¡¼¥¹
994,00030612,¥Ü¥ó¥Ü¥¢ÍÑ¥«¥Ð¡¼
995,00030613,¥Ü¥ó¥Ü¥¢ÍÑ¥í¥´¥·¡¼¥ë
996,00030614,¾Ã½­ºÞ¥Ñ¥Ã¥±¡¼¥¸(¥Ò¥Î¥­)
997,00030615,¾¦ÉÊ¥·¡¼¥ë(Ž´ŽºŽ¿ŽÞŽ±Ž¥ŽÐŽÆŽÌŽ«Ž°ŽÚ)
998,00030616,¥Ò¥Î¥­¥á¥ó¥Ö¥ì¥óÍÑ¥Þ¥Ã¥ÈÂÞÇó²¡¤·
999,00030617,¥Ò¥Î¥­¥á¥ó¥Ö¥ì¥óÌô
1000,00040000,TOTO¡¡ ¥Ý¥Ã¥×¥¢¥Ã¥×¥¬¥¤¥É
1001,00040001,INAX¡¡ ¥Ý¥Ã¥×¥¢¥Ã¥×¥¬¥¤¥É
1002,00040002,ŽÜŽ×Ž°¡¡¡¡¥Ý¥Ã¥×¥¢¥Ã¥×¥¬¥¤¥É¡Ê¾®¡Ë
1003,00040003,ŽÜŽ×Ž°¡¡¡¡¥Ý¥Ã¥×¥¢¥Ã¥×¥¬¥¤¥É¡ÊÂç¡Ë
1004,00040005,°úËÀ
1005,00040006,¥¹Ž°¥ÑŽ°¥Õ¥ì¥­  400mm
1006,00040007,TOTOŽÌŽ×Ž¯Ž¼Ž­ŽÊŽÞŽÙŽÌŽÞÍÑÀö¾ô´ÉSA-40127
1007,00040008,TOTOŽÌŽ×Ž¯Ž¼Ž­ŽÊŽÞŽÙŽÌŽÞÍÑÀö¾ô´ÉRM  A-40065
1008,00040009,TOTOÊØºÂÄùÉÕ¹©¶ñ¡ÊÃ»¡Ë
1009,00040010,TOTOÊØºÂÄùÉÕ¹©¶ñ¡ÊÄ¹¡Ë
1010,00040011,TOTO¥Õ¥é¥Ã¥·¥å¥Ð¥ë¥Ö  T60S
1011,00040012,Æ«´ï·êÌÜ±£¤·A337  TM-W
1012,00040013,Æ«´ï·êÌÜ±£¤·A337  TM-I
1013,00040014,TOTOÏÐÉÕÌÜ»®   TH455
1014,00040015,»°±ÉSS £Ð£Ó£³£²£¹-£¸£°£Ø
1015,00040016,¥«¥¯¥À¥¤SS¥¯¥ê¡¼¥à ¡¡£³£µ£µ£´£Ã
1016,00040017,¥«¥¯¥À¥¤SS¥Ö¥é¥Ã¥¯ ¡¡£³£µ£µ£´£Ä
1017,00040018,ÂÀ·Â£Ï¥ê¥ó¥°INAXÍÑMSF-NOR
1018,00040019,ÆÃÃíº®¹ç¿åÀò      KA-1
1019,00040020,ÆÃÃíº®¹ç¿åÀò      KV-Y
1020,00040021,ÆÃÃíº®¹ç¿åÀò      KV-T
1021,00040022,ÆÃÃíº®¹ç¿åÀò      KV-X
1022,00040023,¥¹¥¤¥Ã¥È£×£Ó
1023,00040024,¥¹¥¤¥Ã¥È¥Ô¥¹¥È¥ë
1024,00040025,ŽÛ-ŽÀŽÝŽ¸ÀìÍÑÀá¿åŽÊŽÞŽÙŽÌŽÞŽÄŽÞŽÙŽÌŽ¨ŽÝ S
1025,00040026,ŽÛ-ŽÀŽÝŽ¸ÀìÍÑÀá¿åŽÊŽÞŽÙŽÌŽÞŽÄŽÞŽÙŽÌŽ¨ŽÝ L
1026,00040027,Î¾ÌÌ¥Æ-¥× 1M
1027,00040028,Ã±­µŽÏŽÝŽ¶ŽÞŽÝÅÅÃÓ¹õ SUM1B-2S
1028,00040029,Ã±­µŽ±ŽÙŽ¶ŽØÅÅÃÓ    AM1-2S
1029,00040030,Ã±­¶ŽÏŽÝŽ¶ŽÞŽÝÅÅÃÓ¹õ SUM2B-2S
1030,00040031,Ã±­¶Ž±ŽÙŽ¶ŽØÅÅÃÓ    AM2-2S
1031,00040032,Ã±­·ŽÏŽÝŽ¶ŽÞŽÝÅÅÃÓ   SUM3B-4S
1032,00040033,Ã±­·Ž±ŽÙŽ¶ŽØÅÅÃÓ    AM3-4S
1033,00040034,¥ê¥Á¥¦¥àÅÅÃÓ6V     £²£Ã£Ò£µ
1034,00040035,¥ê¥Á¥¦¥àÅÅÃÓ6V     £Ã£Ò£Ð£²
1035,00040036,¥¹¥È¥Ã¥×¥¦¥ª¥Ã¥Á
1036,00040037,¥í¥Ö¥¹¥¿¡¼¥«¥é¥ó¥ì¥ó¥Á KT-250
1037,00040038,¥á¥¸¥ã¡¼¥«¥Ã¥×
1038,00040039,¥¹¥¤¥Ã¥ÈBOX
1039,00040040,¥¢¥á¥Ë¥Æ¥£¥Ä¡¼¥ë¥Ñ¥Ã¥±¡¼¥¸
1040,00040041,¥í¡¼¥Ý¥ó¥×¥¹¡¼¥Ñ¡¼
1041,00040042,¥í¡¼¥Ý¥ó¥×¥¹¡¼¥Ñ¡¼ÍÑÂØ¤¨¥Ñ¥Ã¥­¥ó
1042,00040043,Î©¤ÁŽ¶Ž×ŽÝÄù¤á13mm   KTR-13
1043,00040044,Î©¤ÁŽ¶Ž×ŽÝ º®¹çÍÑ    KTR-24
1044,00040045,Ž½Ž²Ž¯ŽÄÀá¿åŽ¼Ž¬ŽÜŽ°SSS(ŽÊŽÞŽÙŽÌŽÞÉÕ)
1045,00040046,Ž½Ž²Ž¯ŽÄÀá¿åŽ¼Ž¬ŽÜŽ°SSS(ŽÊŽÞŽÙŽÌŽÞÌµ)
1046,00040047,»°±É¿åÀòÉôÉÊ
1047,00040048,£Ô£Ï£Ô£ÏÉôÉÊ
1048,00040049,£É£Î£Á£ØÉôÉÊ
1049,00040050,¥«¥¯¥À¥¤ÉôÉÊ
1050,00040051,Ž×Ž²ŽÄŽ½ŽºŽ°ŽÌŽß Ž²ŽÝŽÀŽ°ŽÛŽ¯Ž¸1£í MSPI-1000­·
1051,00040052,Ž×Ž²ŽÄŽ½ŽºŽ°ŽÌŽß Ž²ŽÝŽÀŽ°ŽÛŽ¯Ž¸2£í MSPI-2000­·
1052,00040053,Ž×Ž²ŽÄŽ½ŽºŽ°ŽÌŽß Ž²ŽÝŽÀŽ°ŽÛŽ¯Ž¸3£í MSPI-3000­·
1053,00040054,Ž×Ž²ŽÄŽ½ŽºŽ°ŽÌŽß ŽÌŽÚŽ·Ž¼ŽÌŽÞŽÙ1£í MSPS-1000­·
1054,00040055,Ž×Ž²ŽÄŽ½ŽºŽ°ŽÌŽß ŽÌŽÚŽ·Ž¼ŽÌŽÞŽÙ2£í MSPS-2000­·
1055,00040056,Ž×Ž²ŽÄŽ½ŽºŽ°ŽÌŽß ŽÌŽÚŽ·Ž¼ŽÌŽÞŽÙ3£í MSPS-3000­·
1056,00040057,Ž×Ž²ŽÄŽ½ŽºŽ°ŽÌŽßÂ¦»ëŽ±ŽÀŽÞŽÌŽßŽÀŽ°
1057,00040058,Ž×Ž²ŽÄŽ½ŽºŽ°ŽÌŽß ŽÃŽÞŽ¼ŽÞŽ¶ŽÒŽ±ŽÀŽÞŽÌŽßŽÀŽ° TypeA
1058,00040059,Ž×Ž²ŽÄŽ½ŽºŽ°ŽÌŽß ŽÊŽÛŽ¹ŽÞŽÝŽ×ŽÝŽÌŽß100£÷(¸÷¸»ÁõÃÖ)
1059,00040060,Ž×Ž²ŽÄŽ½ŽºŽ°ŽÌŽß Ž×Ž²ŽÄŽ¶ŽÞŽ²ŽÄŽÞ
1060,00040061,¾²ÇÓ¿åÏÐ Çò40 YHW-G40
1061,00040062,¾²ÇÓ¿åÏÐ Çò50 YHW-G50
1062,00040063,¾²ÇÓ¿åÏÐ ¹õ40 YHW-B40
1063,00040064,¾²ÇÓ¿åÏÐ ¹õ50 YHW-B50
1064,00040065,TOTOÏÐÉÕÌÜ»®  TH455N
1065,00040066,Ž¸ŽØŽ°ŽÏÀ½ŽÌŽÚŽ·Ž¶Ž×ŽÝ 1/2*500
1066,00040067,1/2¥­¥ã¥Ã¥×
1067,00040068,Àá¿åŽ¼Ž¬ŽÜŽ°SSSÍÑ³ÑÅÙŽ±ŽÀŽÞŽÌŽßŽÀŽ°
1068,00040069,²¹¿åÀö¾ôÊØºÂ¥Í¥ª¥¦¥ª¥Ã¥·¥å­¶
1069,00040070,¤»¤»¤é¤®ÍÑ¥Ç¥â¥»¥Ã¥È
1070,00040071,¤»¤»¤é¤®ÍÑÄ¶Àá¿å·¿ÆÃ¼ìÊÛ
1071,00040072,¤»¤»¤é¤®ÍÑÀá¿å·¿Ë¢Ë÷ÊÛ£Á
1072,00040073,¤»¤»¤é¤®ÍÑÀá¿å·¿Ë¢Ë÷ÊÛ£Â
1073,00040074,¤»¤»¤é¤®ÍÑÄÌ¾ïÀ°Î®´ï
1074,00040075,ºî¶È´ÇÈÄ
1075,00040076,º®¹ç¿åÀò£Ë£±£¸
1076,00040077,º®¹ç¿åÀò£Ë£±£¸£Ä
1077,00040078,ÀáÅÅ·¿¥·¥ã¥ï¡¼ÊØºÂ¥·¥ã¥ï¥ó¥¶
1078,00040079,Æâ»ë¶ÀÍÑŽ±ŽÀŽÞŽÌŽßŽÀŽ°£Í£Ä£Á-£Í£±
1079,00040080,¥í¡¼¥Ý¥ó¥×¥Ð¥Ã¥°
1080,00040081,¥á¥ó¥Æ¥Ê¥ó¥¹¥Ü¥Ã¥¯¥¹
1081,00040082,Ž´ŽºŽ¿ŽÞŽ±Ž¥ŽÐŽÆŽÌŽ«Ž°ŽÚÀìÍÑ¹©¶ñ
1082,00040085,¥¬¥¹¸¡ÃÎ´ï £Ç£Ö¡Ý£±£°£°£Ì£Ó
1083,00040086,¥¬¥¹¸¡ÃÎ´ïÍÑ¥Á¥Ã¥×¥Û¥ë¥À¡¼
1084,00040087,¥¬¥¹¸¡ÃÎ´É ¥¢¥ó¥â¥Ë¥¢£³£Ì
1085,00040088,¥Þ¥ë¥Á´Ä¶­·×Â¬´ï
1086,00050000,Çä¾åÅÁÉ¼ ¡Ê¼ê½ñ¤­¡Ë
1087,00050001,ÎÎ¼ýÅÁÉ¼ ¡ÊÂæ»æ¡Ë
1088,00050002,ÆÀ°ÕÀèÅÐÏ¿¥«-¥ÉA
1089,00050003,ÆÀ°ÕÀèÅÐÏ¿¥«-¥ÉB
1090,00050004,±Ä¶ÈÆüÊó
1091,00050005,¥³¥ó¥»¥×¥È¥¬¥¤¥É
1092,00050006,¥«¥¿¥í¥°¡¡¥«¥ÐŽ°
1093,00050007,¥«¥¿¥í¥°¡¡Áí¹çÊÔ
1094,00050008,¥«¥¿¥í¥°¡¡¥Ô¥Ô¥·¥êŽ°¥º
1095,00050009,¥«¥¿¥í¥°¡¡¥Ô¥Ô¥À¥ê¥¢
1096,00050010,¥«¥¿¥í¥°¡¡¥á¥ó¥Ö¥ì¥ó
1097,00050011,¥«¥¿¥í¥°¡¡¥Ü¥ó¥·¥êŽ°¥º
1098,00050012,¥«¥¿¥í¥°¡¡¥Ñ¥¤¥×¥¯Ž°¥ë
1099,00050013,¥«¥¿¥í¥°¡¡¥È¥é¥Ã¥·¥å
1100,00050014,¥«¥¿¥í¥°  ¥Ô¥Ô¥»¥ó¥µ£Ø
1101,00050015,¥«¥¿¥í¥°  ¥Ô¥Ô¥»¥ó¥µXŽÁŽ×Ž¼ÍÑ
1102,00050016,¥«¥¿¥í¥°  À¶Î®
1103,00050017,¥«¥¿¥í¥°  ¥Ê¥Ô¡¼¥Ñ¥Ã¥¯
1104,00050018,¥«¥¿¥í¥°¡¡¥Ô¥Ô¥»¥ó¥µ£Ñ
1105,00050019,¥«¥¿¥í¥°  ¥·¡¼¥È¥¯¥ê¡¼¥Ê¡¼
1106,00050020,¥«¥¿¥í¥°  ¤µ¤Ü¤ó¤Ê
1107,00050021,¥«¥¿¥í¥°  ¥¹¥¤¥Ã¥È£Ö
1108,00050022,¥«¥¿¥í¥°  ¾Ã½­¥·¥ã¥ï¡¼
1109,00050023,¥«¥¿¥í¥°¡¡À¶Î®£Ö
1110,00050024,¥«¥¿¥í¥°¡¡¥»¥ó¥µ¥ì¥Ã¥È
1111,00050025,¥Á¥é¥·
1112,00050026,¼ÒÌ¾°õºþ
1113,00050027,¼ÖÎ¾¥¹¥Æ¥Ã¥«Ž°
1114,00050028,¥í¥´¥·Ž°¥ë   ¡Ê18¡ß56¡Ë
1115,00050029,¥í¥´¥·Ž°¥ë¼ÒÌ¾(21¡ß58)
1116,00050030,¥í¥´¥·Ž°¥ë   ¡Ê23¡ß74¡Ë
1117,00050031,¥í¥´¥·Ž°¥ë¼ÒÌ¾(29¡ß77¡Ë
1118,00050032,¥í¥´¥·Ž°¥ëS¼ÒÌ¾ÈÇ²¼
1119,00050033,¥í¥´¥·Ž°¥ëM¼ÒÌ¾ÈÇ²¼
1120,00050034,¥¢¥á¥Ë¥Æ¥£Ì¾»ÉÂæ»æAM-MC
1121,00050035,Ì¾»ÉÊÒÌÌÈÇ²¼
1122,00050036,Ì¾»ÉÎ¾ÌÌÈÇ²¼      MC-HS¡¿W
1123,00050037,Ì¾»ÉÊÒÌÌ100¡Á200
1124,00050038,Ì¾»ÉÊÒÌÌ300¡Á
1125,00050039,Ì¾»ÉÎ¾ÌÌ100¡Á200
1126,00050040,Ì¾»ÉÎ¾ÌÌ300¡Á
1127,00050041,ÉõÅû¡¡³Ñ·Á£±¹æ
1128,00050042,ÉõÅû¡¡³Ñ·Á£±¹æ ÈÇ²¼
1129,00050043,ÉõÅû¡¡³Ñ·Á£²¹æ
1130,00050044,ÉõÅû¡¡³Ñ·Á£²¹æ ÈÇ²¼
1131,00050045,ÉõÅû¡¡Ä¹·Á£³¹æ
1132,00050046,ÉõÅû¡¡Ä¹·Á£³¹æ Áë³«
1133,00050047,ÉõÅû¡¡Ä¹·Á£³¹æ ÈÇ²¼
1134,00050048,ÉõÅû  Ä¹·Á£´¹æ
1135,00050049,ÉõÅû¡¡Ä¹·Á£´¹æ ÈÇ²¼
1136,00050050,¥Ó¥Ç¥ª¥ÆŽ°¥×      Äó°Æ·¿±Ä¶È
1137,00050051,¥Õ¥¡¥¤¥ë¡Ê¥Ë¥åŽ°¥¹¡¤¶ÈÌ³¡¤À½ÉÊ¾ðÊó¡Ë
1138,00050052,À©Éþ ¥¢¥á¥Ë¥Æ¥£¥Ö¥ë¥¾¥ó(ÃËÀ­ÍÑ)
1139,00050053,À©Éþ ¥¢¥á¥Ë¥Æ¥£¥Ö¥ë¥¾¥ó(½÷À­ÍÑ)
1140,00050054,À©Éþ ¥Ö¥ë¥¾¥ó(ŽµŽÚŽÝŽ¼ŽÞ)
1141,00050055,À©Éþ ¥·¥ã¥Ä¡Ê¼Ê¡Ë  MEN'S
1142,00050056,À©Éþ¥·¥ã¥Ä¡ÊÈ¾Âµ¡Ë£´£´£´£±£´
1143,00050057,À©Éþ¥·¥ã¥Ä¡ÊÄ¹Âµ¡Ë£´£´£´£°£´
1144,00050058,À©Éþ ¥·¥ã¥Ä LADY'S
1145,00050059,À©Éþ ¥­¥å¥í¥Ã¥È
1146,00050060,¥·¥ç¥Ã¥×Ç§Äê¾Ú
1147,00050061,ºý»Ò¡Ö¾®ÊØ´ï¤ÎÇ¢ÀÐÂÐºö¡×
1148,00050062,¥¢¥×¥íŽ°¥Á¡¦¥«Ž°¥É
1149,00050063,¥¢¥á¥Ë¥Æ¥£¥«¥ì¥ó¥À¡¼
1150,00050064,¥È¥¤¥ì¥Ã¥È¥Ð¥ó¥¯
1151,00050065,²»½Ð¤·¥Ð¥¹¥ëŽ°¥à
1152,00050066,ÃË»Ò¥È¥¤¥ì¥á¥â¥ÜŽ°¥É
1153,00050067,¤â¤Î¤°¤µ¥Ó¥¢Ž°¥Þ¥°
1154,00050068,¥È¥¤¥ì¥­Ž°¥Û¥ë¥ÀŽ°
1155,00050069,ÃË¥È¥¤¥ì¥­Ž°¥Û¥ë¥ÀŽ°
1156,00050070,ºî¶È´°Î»Êó¹ð½ñ
1157,00050071,ÆÀ°ÕÀèÅÐÏ¿¥«¡¼¥É
1158,00050072,¼è°úÍúÎò¥«¡¼¥É
1159,00050073,ÊÑ¹¹ÆÏ¥«¡¼¥É
1160,00050074,£Äo SYS ¥Ï¡¼¥É
1161,00050075,£Äo SYS ¥½¥Õ¥È
1162,00050076,³Ø¹»ÍÑ¥Á¥é¥·
1163,00050077,¥«¥¿¥í¥° ¤Ê¤¬¤Þ¤­¤¬¤ß
1164,00050078,Çä¾åÅÁÉ¼(Ï¢Â³1000Æþ¤ê¡Ë
1165,00050079,ÀÁµáÅÁÉ¼(Ï¢Â³1000Æþ¤ê¡Ë
1166,00050080,ÎÎ¼ýÅÁÉ¼(3ËçÄÖ¤ê¡Ë
1167,00050081,½¸·×ÆüÊó¡Ê1000ËçÆþ¤ê¡Ë
1168,00050082,¥È¥¤¥ì¥á¥ó¥Æ¥Ê¥ó¥¹¥Þ¥Ë¥å¥¢¥ë
1169,00050083,À©Éþ¥Ñ¥ó¥Ä¡Ê¸ü¼ê¡Ë£´£°£´£°£²
1170,00050084,À©Éþ¥Ñ¥ó¥Ä¡ÊÇö¼ê¡Ë£´£´£´£°£²
1171,00050085,¥«¥¿¥í¥°  À¶Î®£Ê
1172,00050086,¥«¥¿¥í¥°  ¥Ô¥Ô¥­¥ã¥Ã¥Á
1173,00050087,¥«¥¿¥í¥°¡¡¸Å»æ¥À¥ê¥¢
1174,00050088,¥«¥¿¥í¥°¡¡¤»¤»¤é¤®
1175,00050089,¥«¥¿¥í¥° ¤»¤»¤é¤®¥¹¥ê¥à¥ª¡¼¥È
1176,00050090,¥«¥¿¥í¥° ¥Ô¥Ô¥»¥ó¥µ£Ö
1177,00050091,¥«¥¿¥í¥° ¤µ¤¶¤Ê¤ß¥ª¡¼¥È
1178,00050095,¿·£´£Ë¡õ¾¦ÉÊ°ÆÆâ
1179,00050096,¿·£´£Ë¤´Äó°Æ¥Ñ¥ó¥Õ¥ì¥Ã¥È
1180,00050100,À©Éþ¥Ö¥ë¥¾¥ó £´£°£´£°£°
1181,00050101,ºî¶È´°Î»Êó¹ð½ñ(ŽÀŽÞŽ²ŽÅŽÑÍÑ)
1182,00050110,¿ÇÃÇ¥æ¥Ë¥Õ¥©¡¼¥à ¥Ñ¥ó¥Ä
1183,00050111,¿ÇÃÇ¥æ¥Ë¥Õ¥©¡¼¥à ¥Ö¥ë¥¾¥ó
1184,00050112,¿ÇÃÇ¥æ¥Ë¥Õ¥©¡¼¥à ¥·¥ã¥Ä
1185,00050150,¥¢¥á¥Ë¥Æ¥£Ç¯²ì¾õ
1186,00060000,¥¢¥á¥Ë¥Æ¥£Áí¹çÊÝ¸± £³·îÊ¬
1187,00060001,¥¢¥á¥Ë¥Æ¥£Á´¹ñ¶¦ºÑ²ñ   Ì¾  £³·îÊ¬
1188,00090000,¥»¥ó¥µ£ØÍÑ³«È¯Èñ
1189,00090001,¥»¥ó¥µ£ÑÍÑ³«È¯·ÐÈñ
1190,00090002,À¶Î®ÍÑ³«È¯·ÐÈñ
1191,00090003,¥¹¥¤¥Ã¥È¥ì¥ó¥¿¥ëÎÁ
1192,00090004,¤µ¤Ü¤ó¤ÊÍÑ³«È¯·ÐÈñ
1193,00090005,¤½¤ÎÂ¾³«È¯·ÐÈñ
1194,00090006,Âå¹Ô¼ê¿ôÎÁ
1195,00090007,±þ±ç¼ê¿ôÎÁ
1196,00090008,½¤Íý°ì¼°
1197,00090009,¥í¥¤¥ä¥ê¥Æ¥£
1198,00090010,Á÷ÎÁ
1199,00090011,²Ö»Ò
1200,00090012,ÃÍ°ú
1201,00090013,½ô¸ý
1202,00090014,½ô¸ý¡ÊÈó²ÝÀÇ¡Ë
1203,00090015,°ìÈÌ·ÐÈñ
1204,00090016,¥³¥ó¥Æ¥¹¥È¥¨¥ó¥È¥êŽ°¥Á¥ãŽ°¥¸
1205,00090017,¥Ç¥Ë¡¼¥ºÂå¹Ô
1206,00090018,¥È¥¤¥¶¤é¥¹Âå¹Ô
1207,00090019,°Â³ÚÄâÂå¹Ô
1208,00090020,¹©»ö°ì¼°
1209,00090021,¥¹¥¤¥Ã¥È¥·¥¹¥Æ¥à¹½ÃÛÎÁ
1210,00090022,³Ø¹»ÍÑÉÊ¥Á¥ã¡¼¥¸
1211,00090023,ŽÓŽ½ŽÌŽ°ŽÄŽÞŽ»Ž°ŽËŽÞŽ½¼ê¿ôÎÁ
1212,00090024,ŽÏŽ¯Ž¸Âå¹Ô¼ê¿ôÎÁ
1213,00090025,½½¸÷¼ê¿ôÎÁ
1214,00090026,ÂçÁÏ¼ê¿ôÎÁ
1215,00090027,Âç¾±¼ê¿ôÎÁ
1216,00090028,¸¦½¤Èñ
1218,00090030,Ž¼Ž®Ž¯ŽÌŽß²ñ»²²ÃÈñ
1219,00090031,¼ÒÄ¹²ñ»²²ÃÈñ
1220,00091000,¹­¹ðÎÁ¡ÖÀßÈ÷¤È´ÉÍý¡×·ÇºÜÎÁ   3·î
1221,00091001,¥»¥ó¥µµ¡´ï¥ì¥ó¥¿¥ëÎÁ
1222,00091002,¥»¡¼¥Õ¥£¥Æ¥£¥Õ¥£
1223,00091003,¥»¥ó¥µ£Ø¥ì¥ó¥¿¥ëÎÁ
1224,00091004,¼«Æ°ÀÐ¸´TS-1000ŽÚŽÝŽÀŽÙÎÁ
1225,00091005,¥»¥ó¥µ£Ñ¥ì¥ó¥¿¥ëÎÁ
1226,00091006,¼«Æ°¿åÀòÀ¶Î®¥ì¥ó¥¿¥ëÎÁ
1227,00091007,¼«Æ°¿åÀò¥¹¥ê¥à¥ª-¥È¥ì¥ó¥¿¥ëÎÁ
1228,00091008,¤»¤»¤é¤®¥ì¥ó¥¿¥ëÎÁ
1229,00091009,¥­¥ã¥Ã¥Á¥ì¥ó¥¿¥ëÎÁ
1230,00091014,¥Ü¥ó¥Ü¥¢¥ì¥ó¥¿¥ëÎÁ
1231,00091016,¥Ü¥ó¥¢Ž°¥È¥»¥Ã¥ÈŽÚŽÝŽÀŽÙÎÁ
1232,00091017,¥·Ž°¥È¥¯¥êŽ°¥ÊŽ°ŽÚŽÝŽÀŽÙÎÁ
1233,00091018,¥»¥ó¥µ£Ö¥ì¥ó¥¿¥ëÎÁ
1234,00091019,¥Ê¥ÔŽ°¥Ñ¥Ã¥¯ŽÚŽÝŽÀŽÙÎÁ
1235,00091020,¼«Æ°¿åÀò £Ô£Å£Á£¶£±£Ç£Ä¥ì¥ó¥¿¥ëÎÁ
1236,00100600,¥í¡¼¥¿¥ó¥¯ÍÑ¥Ü¡¼¥ë¥¿¥Ã¥× 747UK113
1,00000001,¥¨¥à¥ï¥¤¥¶¡¼      £Ã£Ð
